Source,Destination,Distance,Tolls,Traffic,Road_Quality,Hotel_Cost,Aesthetics
Delhi,Mumbai,1440,5,2,7,500,8
Delhi,Kolkata,1500,4,3,6,600,7
Delhi,Bangalore,2150,6,4,5,700,6
Mumbai,Kolkata,2000,5,3,6,650,7
Mumbai,Hyderabad,710,3,2,8,400,8
Kolkata,Bangalore,1870,6,4,5,720,6
Hyderabad,Chennai,630,2,2,7,300,7
Jaipur,Ahmedabad,660,2,1,8,350,9
Pune,Nagpur,720,3,2,7,380,7
Chandigarh,Dehradun,170,1,1,9,200,10
Lucknow,Patna,500,2,3,7,250,7
Raipur,Bhubaneswar,460,2,2,8,280,8
Vizag,Bhubaneswar,440,1,2,8,220,9
Amritsar,Shimla,290,1,1,9,250,10
Bilaspur,Bhopal,600,2,2,7,320,8
