ID,Y
33000,0.0
33001,0.0
33002,0.0
33003,0.0
33004,0.0
33005,0.0
33006,0.0
33007,1.0
33008,0.0
33009,0.0
33010,1.0
33011,0.0
33012,0.0
33013,0.0
33014,0.0
33015,0.0
33016,1.0
33017,0.0
33018,0.0
33019,0.0
33020,0.0
33021,1.0
33022,0.0
33023,0.0
33024,0.0
33025,0.0
33026,0.0
33027,0.0
33028,1.0
33029,1.0
33030,1.0
33031,0.0
33032,1.0
33033,0.0
33034,1.0
33035,0.0
33036,0.0
33037,0.0
33038,0.0
33039,0.0
33040,0.0
33041,0.0
33042,0.0
33043,0.0
33044,0.0
33045,1.0
33046,0.0
33047,0.0
33048,0.0
33049,0.0
33050,0.0
33051,0.0
33052,0.0
33053,0.0
33054,1.0
33055,0.0
33056,1.0
33057,0.0
33058,0.0
33059,0.0
33060,1.0
33061,0.0
33062,1.0
33063,0.0
33064,0.0
33065,1.0
33066,0.0
33067,0.0
33068,0.0
33069,0.0
33070,1.0
33071,0.0
33072,0.0
33073,1.0
33074,0.0
33075,0.0
33076,0.0
33077,1.0
33078,0.0
33079,0.0
33080,0.0
33081,0.0
33082,0.0
33083,0.0
33084,1.0
33085,0.0
33086,0.0
33087,0.0
33088,0.0
33089,0.0
33090,0.0
33091,0.0
33092,0.0
33093,0.0
33094,0.0
33095,0.0
33096,0.0
33097,0.0
33098,0.0
33099,0.0
33100,0.0
33101,0.0
33102,0.0
33103,0.0
33104,0.0
33105,0.0
33106,1.0
33107,0.0
33108,0.0
33109,0.0
33110,1.0
33111,0.0
33112,0.0
33113,1.0
33114,1.0
33115,1.0
33116,0.0
33117,0.0
33118,0.0
33119,0.0
33120,0.0
33121,0.0
33122,0.0
33123,0.0
33124,0.0
33125,0.0
33126,0.0
33127,0.0
33128,0.0
33129,0.0
33130,0.0
33131,0.0
33132,0.0
33133,0.0
33134,0.0
33135,1.0
33136,0.0
33137,0.0
33138,0.0
33139,1.0
33140,1.0
33141,1.0
33142,0.0
33143,0.0
33144,0.0
33145,1.0
33146,0.0
33147,0.0
33148,0.0
33149,0.0
33150,0.0
33151,0.0
33152,0.0
33153,0.0
33154,0.0
33155,0.0
33156,0.0
33157,1.0
33158,0.0
33159,0.0
33160,0.0
33161,0.0
33162,0.0
33163,0.0
33164,0.0
33165,1.0
33166,0.0
33167,0.0
33168,0.0
33169,0.0
33170,0.0
33171,1.0
33172,0.0
33173,0.0
33174,0.0
33175,1.0
33176,1.0
33177,1.0
33178,1.0
33179,0.0
33180,0.0
33181,1.0
33182,0.0
33183,0.0
33184,1.0
33185,0.0
33186,0.0
33187,1.0
33188,0.0
33189,0.0
33190,0.0
33191,1.0
33192,0.0
33193,0.0
33194,0.0
33195,0.0
33196,0.0
33197,0.0
33198,0.0
33199,0.0
33200,0.0
33201,0.0
33202,0.0
33203,0.0
33204,1.0
33205,0.0
33206,1.0
33207,1.0
33208,0.0
33209,0.0
33210,0.0
33211,1.0
33212,0.0
33213,0.0
33214,0.0
33215,0.0
33216,0.0
33217,0.0
33218,1.0
33219,0.0
33220,0.0
33221,1.0
33222,1.0
33223,0.0
33224,0.0
33225,0.0
33226,0.0
33227,0.0
33228,0.0
33229,1.0
33230,0.0
33231,0.0
33232,0.0
33233,1.0
33234,1.0
33235,0.0
33236,1.0
33237,0.0
33238,0.0
33239,0.0
33240,0.0
33241,1.0
33242,0.0
33243,0.0
33244,0.0
33245,0.0
33246,0.0
33247,1.0
33248,0.0
33249,1.0
33250,0.0
33251,0.0
33252,0.0
33253,0.0
33254,0.0
33255,0.0
33256,0.0
33257,1.0
33258,0.0
33259,1.0
33260,0.0
33261,0.0
33262,0.0
33263,0.0
33264,0.0
33265,0.0
33266,0.0
33267,1.0
33268,1.0
33269,0.0
33270,0.0
33271,0.0
33272,0.0
33273,0.0
33274,1.0
33275,0.0
33276,0.0
33277,0.0
33278,0.0
33279,1.0
33280,0.0
33281,1.0
33282,0.0
33283,0.0
33284,1.0
33285,0.0
33286,0.0
33287,1.0
33288,1.0
33289,0.0
33290,0.0
33291,1.0
33292,0.0
33293,0.0
33294,1.0
33295,1.0
33296,0.0
33297,0.0
33298,0.0
33299,1.0
33300,1.0
33301,1.0
33302,0.0
33303,0.0
33304,1.0
33305,0.0
33306,0.0
33307,1.0
33308,1.0
33309,0.0
33310,0.0
33311,0.0
33312,0.0
33313,0.0
33314,1.0
33315,1.0
33316,0.0
33317,0.0
33318,1.0
33319,0.0
33320,0.0
33321,0.0
33322,0.0
33323,0.0
33324,0.0
33325,1.0
33326,1.0
33327,0.0
33328,0.0
33329,1.0
33330,0.0
33331,1.0
33332,0.0
33333,0.0
33334,0.0
33335,1.0
33336,0.0
33337,0.0
33338,1.0
33339,0.0
33340,0.0
33341,1.0
33342,1.0
33343,1.0
33344,0.0
33345,1.0
33346,0.0
33347,0.0
33348,1.0
33349,0.0
33350,1.0
33351,0.0
33352,0.0
33353,0.0
33354,0.0
33355,0.0
33356,0.0
33357,0.0
33358,0.0
33359,0.0
33360,0.0
33361,1.0
33362,0.0
33363,1.0
33364,0.0
33365,1.0
33366,0.0
33367,1.0
33368,0.0
33369,1.0
33370,0.0
33371,0.0
33372,0.0
33373,0.0
33374,1.0
33375,0.0
33376,1.0
33377,0.0
33378,0.0
33379,0.0
33380,1.0
33381,0.0
33382,0.0
33383,1.0
33384,0.0
33385,0.0
33386,0.0
33387,0.0
33388,1.0
33389,0.0
33390,0.0
33391,0.0
33392,1.0
33393,0.0
33394,1.0
33395,0.0
33396,0.0
33397,0.0
33398,0.0
33399,0.0
33400,0.0
33401,1.0
33402,0.0
33403,0.0
33404,0.0
33405,0.0
33406,0.0
33407,0.0
33408,0.0
33409,0.0
33410,0.0
33411,0.0
33412,0.0
33413,0.0
33414,0.0
33415,0.0
33416,0.0
33417,0.0
33418,0.0
33419,0.0
33420,0.0
33421,1.0
33422,0.0
33423,0.0
33424,0.0
33425,0.0
33426,0.0
33427,1.0
33428,1.0
33429,1.0
33430,1.0
33431,0.0
33432,0.0
33433,0.0
33434,1.0
33435,0.0
33436,0.0
33437,0.0
33438,0.0
33439,0.0
33440,0.0
33441,1.0
33442,1.0
33443,1.0
33444,0.0
33445,0.0
33446,0.0
33447,0.0
33448,0.0
33449,0.0
33450,0.0
33451,0.0
33452,1.0
33453,0.0
33454,0.0
33455,0.0
33456,1.0
33457,1.0
33458,0.0
33459,0.0
33460,1.0
33461,0.0
33462,0.0
33463,0.0
33464,0.0
33465,0.0
33466,0.0
33467,0.0
33468,0.0
33469,0.0
33470,0.0
33471,0.0
33472,1.0
33473,1.0
33474,1.0
33475,1.0
33476,0.0
33477,0.0
33478,1.0
33479,0.0
33480,0.0
33481,0.0
33482,0.0
33483,1.0
33484,0.0
33485,0.0
33486,0.0
33487,0.0
33488,0.0
33489,1.0
33490,1.0
33491,0.0
33492,0.0
33493,0.0
33494,1.0
33495,0.0
33496,1.0
33497,0.0
33498,0.0
33499,0.0
33500,0.0
33501,0.0
33502,0.0
33503,1.0
33504,0.0
33505,0.0
33506,0.0
33507,0.0
33508,1.0
33509,0.0
33510,0.0
33511,0.0
33512,0.0
33513,1.0
33514,0.0
33515,0.0
33516,0.0
33517,1.0
33518,0.0
33519,0.0
33520,0.0
33521,0.0
33522,0.0
33523,0.0
33524,0.0
33525,0.0
33526,0.0
33527,1.0
33528,0.0
33529,0.0
33530,0.0
33531,1.0
33532,0.0
33533,1.0
33534,0.0
33535,0.0
33536,0.0
33537,0.0
33538,0.0
33539,0.0
33540,1.0
33541,0.0
33542,0.0
33543,0.0
33544,1.0
33545,1.0
33546,0.0
33547,0.0
33548,0.0
33549,0.0
33550,0.0
33551,1.0
33552,0.0
33553,0.0
33554,0.0
33555,0.0
33556,0.0
33557,0.0
33558,0.0
33559,0.0
33560,0.0
33561,0.0
33562,1.0
33563,1.0
33564,0.0
33565,1.0
33566,1.0
33567,0.0
33568,0.0
33569,0.0
33570,0.0
33571,0.0
33572,1.0
33573,1.0
33574,0.0
33575,0.0
33576,1.0
33577,1.0
33578,0.0
33579,0.0
33580,1.0
33581,0.0
33582,1.0
33583,0.0
33584,1.0
33585,0.0
33586,0.0
33587,0.0
33588,1.0
33589,1.0
33590,0.0
33591,0.0
33592,1.0
33593,0.0
33594,1.0
33595,0.0
33596,0.0
33597,0.0
33598,0.0
33599,0.0
33600,0.0
33601,1.0
33602,0.0
33603,0.0
33604,0.0
33605,1.0
33606,0.0
33607,0.0
33608,0.0
33609,0.0
33610,0.0
33611,0.0
33612,0.0
33613,1.0
33614,0.0
33615,0.0
33616,0.0
33617,0.0
33618,0.0
33619,0.0
33620,0.0
33621,0.0
33622,0.0
33623,0.0
33624,0.0
33625,0.0
33626,0.0
33627,0.0
33628,0.0
33629,0.0
33630,0.0
33631,0.0
33632,1.0
33633,0.0
33634,0.0
33635,0.0
33636,0.0
33637,0.0
33638,0.0
33639,0.0
33640,1.0
33641,0.0
33642,0.0
33643,0.0
33644,0.0
33645,1.0
33646,0.0
33647,0.0
33648,0.0
33649,0.0
33650,0.0
33651,0.0
33652,0.0
33653,0.0
33654,0.0
33655,0.0
33656,0.0
33657,1.0
33658,0.0
33659,1.0
33660,0.0
33661,0.0
33662,0.0
33663,0.0
33664,1.0
33665,0.0
33666,1.0
33667,0.0
33668,0.0
33669,1.0
33670,0.0
33671,0.0
33672,0.0
33673,1.0
33674,0.0
33675,0.0
33676,1.0
33677,1.0
33678,0.0
33679,0.0
33680,0.0
33681,0.0
33682,0.0
33683,1.0
33684,0.0
33685,1.0
33686,0.0
33687,0.0
33688,0.0
33689,0.0
33690,0.0
33691,0.0
33692,0.0
33693,0.0
33694,0.0
33695,0.0
33696,0.0
33697,0.0
33698,1.0
33699,0.0
33700,0.0
33701,1.0
33702,0.0
33703,0.0
33704,0.0
33705,1.0
33706,1.0
33707,0.0
33708,1.0
33709,0.0
33710,0.0
33711,0.0
33712,0.0
33713,0.0
33714,0.0
33715,0.0
33716,0.0
33717,1.0
33718,0.0
33719,0.0
33720,1.0
33721,1.0
33722,0.0
33723,0.0
33724,0.0
33725,0.0
33726,1.0
33727,0.0
33728,0.0
33729,0.0
33730,0.0
33731,0.0
33732,0.0
33733,1.0
33734,0.0
33735,0.0
33736,0.0
33737,0.0
33738,0.0
33739,0.0
33740,1.0
33741,0.0
33742,1.0
33743,0.0
33744,1.0
33745,0.0
33746,0.0
33747,0.0
33748,0.0
33749,0.0
33750,0.0
33751,0.0
33752,0.0
33753,0.0
33754,1.0
33755,0.0
33756,0.0
33757,0.0
33758,0.0
33759,0.0
33760,0.0
33761,0.0
33762,0.0
33763,0.0
33764,0.0
33765,0.0
33766,0.0
33767,0.0
33768,0.0
33769,0.0
33770,0.0
33771,0.0
33772,0.0
33773,0.0
33774,1.0
33775,0.0
33776,0.0
33777,1.0
33778,0.0
33779,0.0
33780,0.0
33781,0.0
33782,1.0
33783,0.0
33784,0.0
33785,1.0
33786,0.0
33787,0.0
33788,0.0
33789,0.0
33790,0.0
33791,0.0
33792,1.0
33793,1.0
33794,1.0
33795,1.0
33796,0.0
33797,0.0
33798,0.0
33799,0.0
33800,1.0
33801,0.0
33802,0.0
33803,0.0
33804,1.0
33805,0.0
33806,0.0
33807,1.0
33808,1.0
33809,0.0
33810,0.0
33811,0.0
33812,0.0
33813,0.0
33814,0.0
33815,1.0
33816,0.0
33817,0.0
33818,0.0
33819,0.0
33820,1.0
33821,1.0
33822,0.0
33823,0.0
33824,0.0
33825,1.0
33826,0.0
33827,0.0
33828,1.0
33829,0.0
33830,0.0
33831,0.0
33832,0.0
33833,0.0
33834,0.0
33835,0.0
33836,1.0
33837,0.0
33838,0.0
33839,0.0
33840,0.0
33841,0.0
33842,0.0
33843,0.0
33844,0.0
33845,0.0
33846,0.0
33847,1.0
33848,1.0
33849,0.0
33850,0.0
33851,0.0
33852,0.0
33853,0.0
33854,0.0
33855,0.0
33856,0.0
33857,0.0
33858,0.0
33859,0.0
33860,0.0
33861,0.0
33862,0.0
33863,0.0
33864,0.0
33865,0.0
33866,0.0
33867,0.0
33868,0.0
33869,0.0
33870,0.0
33871,0.0
33872,0.0
33873,0.0
33874,0.0
33875,0.0
33876,0.0
33877,0.0
33878,0.0
33879,0.0
33880,0.0
33881,0.0
33882,0.0
33883,0.0
33884,0.0
33885,0.0
33886,1.0
33887,1.0
33888,1.0
33889,0.0
33890,1.0
33891,0.0
33892,0.0
33893,1.0
33894,0.0
33895,0.0
33896,0.0
33897,0.0
33898,0.0
33899,0.0
33900,0.0
33901,0.0
33902,0.0
33903,1.0
33904,0.0
33905,0.0
33906,0.0
33907,1.0
33908,1.0
33909,0.0
33910,0.0
33911,0.0
33912,0.0
33913,0.0
33914,0.0
33915,1.0
33916,0.0
33917,0.0
33918,0.0
33919,0.0
33920,0.0
33921,0.0
33922,0.0
33923,0.0
33924,0.0
33925,0.0
33926,0.0
33927,1.0
33928,0.0
33929,0.0
33930,0.0
33931,0.0
33932,0.0
33933,0.0
33934,0.0
33935,0.0
33936,1.0
33937,0.0
33938,0.0
33939,0.0
33940,0.0
33941,1.0
33942,0.0
33943,1.0
33944,0.0
33945,0.0
33946,0.0
33947,0.0
33948,0.0
33949,0.0
33950,0.0
33951,1.0
33952,1.0
33953,0.0
33954,0.0
33955,0.0
33956,0.0
33957,1.0
33958,0.0
33959,0.0
33960,0.0
33961,0.0
33962,0.0
33963,1.0
33964,1.0
33965,0.0
33966,0.0
33967,1.0
33968,1.0
33969,0.0
33970,0.0
33971,0.0
33972,0.0
33973,0.0
33974,0.0
33975,0.0
33976,0.0
33977,0.0
33978,0.0
33979,0.0
33980,0.0
33981,1.0
33982,0.0
33983,0.0
33984,0.0
33985,1.0
33986,0.0
33987,0.0
33988,0.0
33989,0.0
33990,0.0
33991,0.0
33992,1.0
33993,0.0
33994,0.0
33995,0.0
33996,0.0
33997,1.0
33998,0.0
33999,0.0
34000,0.0
34001,0.0
34002,0.0
34003,0.0
34004,0.0
34005,0.0
34006,0.0
34007,0.0
34008,1.0
34009,0.0
34010,0.0
34011,1.0
34012,0.0
34013,0.0
34014,1.0
34015,0.0
34016,0.0
34017,0.0
34018,0.0
34019,0.0
34020,0.0
34021,0.0
34022,0.0
34023,0.0
34024,0.0
34025,0.0
34026,0.0
34027,0.0
34028,1.0
34029,0.0
34030,1.0
34031,0.0
34032,1.0
34033,0.0
34034,0.0
34035,0.0
34036,0.0
34037,0.0
34038,1.0
34039,0.0
34040,0.0
34041,0.0
34042,0.0
34043,0.0
34044,0.0
34045,0.0
34046,0.0
34047,0.0
34048,0.0
34049,0.0
34050,1.0
34051,0.0
34052,0.0
34053,0.0
34054,0.0
34055,0.0
34056,0.0
34057,1.0
34058,0.0
34059,0.0
34060,0.0
34061,0.0
34062,0.0
34063,0.0
34064,0.0
34065,1.0
34066,0.0
34067,0.0
34068,0.0
34069,0.0
34070,0.0
34071,1.0
34072,0.0
34073,0.0
34074,0.0
34075,0.0
34076,1.0
34077,1.0
34078,0.0
34079,0.0
34080,0.0
34081,0.0
34082,0.0
34083,0.0
34084,0.0
34085,1.0
34086,0.0
34087,0.0
34088,0.0
34089,0.0
34090,1.0
34091,0.0
34092,0.0
34093,0.0
34094,0.0
34095,0.0
34096,0.0
34097,0.0
34098,0.0
34099,0.0
34100,0.0
34101,0.0
34102,1.0
34103,0.0
34104,0.0
34105,0.0
34106,0.0
34107,1.0
34108,0.0
34109,0.0
34110,0.0
34111,0.0
34112,0.0
34113,0.0
34114,1.0
34115,0.0
34116,0.0
34117,1.0
34118,0.0
34119,0.0
34120,1.0
34121,0.0
34122,0.0
34123,1.0
34124,0.0
34125,0.0
34126,0.0
34127,0.0
34128,1.0
34129,1.0
34130,0.0
34131,0.0
34132,0.0
34133,0.0
34134,0.0
34135,0.0
34136,1.0
34137,1.0
34138,1.0
34139,0.0
34140,0.0
34141,0.0
34142,0.0
34143,0.0
34144,0.0
34145,0.0
34146,0.0
34147,0.0
34148,0.0
34149,1.0
34150,0.0
34151,0.0
34152,0.0
34153,1.0
34154,0.0
34155,0.0
34156,0.0
34157,0.0
34158,0.0
34159,0.0
34160,0.0
34161,1.0
34162,0.0
34163,0.0
34164,0.0
34165,0.0
34166,1.0
34167,0.0
34168,0.0
34169,0.0
34170,1.0
34171,0.0
34172,0.0
34173,0.0
34174,0.0
34175,0.0
34176,0.0
34177,0.0
34178,0.0
34179,0.0
34180,0.0
34181,1.0
34182,0.0
34183,0.0
34184,0.0
34185,0.0
34186,1.0
34187,0.0
34188,1.0
34189,0.0
34190,0.0
34191,0.0
34192,0.0
34193,0.0
34194,0.0
34195,1.0
34196,0.0
34197,0.0
34198,0.0
34199,1.0
34200,0.0
34201,1.0
34202,0.0
34203,0.0
34204,1.0
34205,0.0
34206,0.0
34207,0.0
34208,0.0
34209,0.0
34210,1.0
34211,1.0
34212,0.0
34213,0.0
34214,1.0
34215,0.0
34216,0.0
34217,0.0
34218,0.0
34219,0.0
34220,0.0
34221,0.0
34222,1.0
34223,0.0
34224,0.0
34225,0.0
34226,0.0
34227,0.0
34228,0.0
34229,0.0
34230,0.0
34231,0.0
34232,0.0
34233,0.0
34234,0.0
34235,1.0
34236,0.0
34237,1.0
34238,0.0
34239,0.0
34240,0.0
34241,0.0
34242,0.0
34243,1.0
34244,1.0
34245,0.0
34246,0.0
34247,0.0
34248,0.0
34249,0.0
34250,0.0
34251,1.0
34252,0.0
34253,0.0
34254,1.0
34255,1.0
34256,0.0
34257,0.0
34258,0.0
34259,0.0
34260,1.0
34261,0.0
34262,0.0
34263,0.0
34264,0.0
34265,0.0
34266,0.0
34267,0.0
34268,0.0
34269,0.0
34270,0.0
34271,0.0
34272,0.0
34273,0.0
34274,0.0
34275,0.0
34276,1.0
34277,0.0
34278,1.0
34279,0.0
34280,0.0
34281,0.0
34282,0.0
34283,1.0
34284,0.0
34285,0.0
34286,0.0
34287,0.0
34288,0.0
34289,1.0
34290,0.0
34291,0.0
34292,0.0
34293,1.0
34294,0.0
34295,1.0
34296,0.0
34297,0.0
34298,1.0
34299,0.0
34300,0.0
34301,0.0
34302,0.0
34303,0.0
34304,0.0
34305,0.0
34306,0.0
34307,0.0
34308,0.0
34309,0.0
34310,0.0
34311,0.0
34312,1.0
34313,0.0
34314,1.0
34315,1.0
34316,0.0
34317,0.0
34318,0.0
34319,0.0
34320,1.0
34321,0.0
34322,0.0
34323,1.0
34324,0.0
34325,1.0
34326,0.0
34327,0.0
34328,0.0
34329,0.0
34330,0.0
34331,0.0
34332,1.0
34333,0.0
34334,0.0
34335,0.0
34336,0.0
34337,0.0
34338,0.0
34339,0.0
34340,0.0
34341,0.0
34342,0.0
34343,1.0
34344,0.0
34345,0.0
34346,0.0
34347,1.0
34348,0.0
34349,0.0
34350,0.0
34351,1.0
34352,0.0
34353,0.0
34354,0.0
34355,0.0
34356,0.0
34357,0.0
34358,0.0
34359,0.0
34360,0.0
34361,0.0
34362,0.0
34363,1.0
34364,0.0
34365,1.0
34366,0.0
34367,0.0
34368,0.0
34369,0.0
34370,0.0
34371,0.0
34372,0.0
34373,0.0
34374,0.0
34375,0.0
34376,0.0
34377,0.0
34378,1.0
34379,1.0
34380,0.0
34381,0.0
34382,0.0
34383,0.0
34384,0.0
34385,0.0
34386,1.0
34387,0.0
34388,1.0
34389,0.0
34390,1.0
34391,0.0
34392,0.0
34393,0.0
34394,0.0
34395,0.0
34396,0.0
34397,1.0
34398,1.0
34399,0.0
34400,0.0
34401,0.0
34402,0.0
34403,0.0
34404,0.0
34405,1.0
34406,1.0
34407,0.0
34408,0.0
34409,1.0
34410,0.0
34411,1.0
34412,0.0
34413,0.0
34414,0.0
34415,0.0
34416,0.0
34417,0.0
34418,0.0
34419,0.0
34420,0.0
34421,0.0
34422,0.0
34423,0.0
34424,0.0
34425,0.0
34426,0.0
34427,0.0
34428,0.0
34429,0.0
34430,0.0
34431,0.0
34432,0.0
34433,0.0
34434,1.0
34435,1.0
34436,0.0
34437,1.0
34438,1.0
34439,1.0
34440,1.0
34441,1.0
34442,0.0
34443,0.0
34444,0.0
34445,0.0
34446,0.0
34447,0.0
34448,0.0
34449,1.0
34450,0.0
34451,0.0
34452,1.0
34453,0.0
34454,0.0
34455,1.0
34456,0.0
34457,0.0
34458,0.0
34459,0.0
34460,0.0
34461,1.0
34462,0.0
34463,0.0
34464,0.0
34465,0.0
34466,0.0
34467,0.0
34468,0.0
34469,0.0
34470,0.0
34471,0.0
34472,0.0
34473,0.0
34474,1.0
34475,1.0
34476,1.0
34477,0.0
34478,0.0
34479,1.0
34480,0.0
34481,1.0
34482,0.0
34483,0.0
34484,0.0
34485,0.0
34486,0.0
34487,0.0
34488,0.0
34489,0.0
34490,0.0
34491,0.0
34492,1.0
34493,0.0
34494,0.0
34495,0.0
34496,0.0
34497,0.0
34498,0.0
34499,0.0
34500,0.0
34501,0.0
34502,0.0
34503,1.0
34504,0.0
34505,0.0
34506,0.0
34507,1.0
34508,0.0
34509,0.0
34510,0.0
34511,1.0
34512,0.0
34513,0.0
34514,0.0
34515,0.0
34516,1.0
34517,1.0
34518,0.0
34519,0.0
34520,0.0
34521,0.0
34522,0.0
34523,1.0
34524,0.0
34525,0.0
34526,0.0
34527,0.0
34528,0.0
34529,0.0
34530,1.0
34531,0.0
34532,0.0
34533,0.0
34534,1.0
34535,0.0
34536,1.0
34537,0.0
34538,0.0
34539,0.0
34540,0.0
34541,0.0
34542,0.0
34543,0.0
34544,0.0
34545,0.0
34546,0.0
34547,1.0
34548,0.0
34549,0.0
34550,0.0
34551,0.0
34552,0.0
34553,0.0
34554,0.0
34555,0.0
34556,1.0
34557,0.0
34558,0.0
34559,1.0
34560,1.0
34561,0.0
34562,0.0
34563,0.0
34564,1.0
34565,0.0
34566,0.0
34567,1.0
34568,0.0
34569,0.0
34570,0.0
34571,0.0
34572,0.0
34573,0.0
34574,0.0
34575,0.0
34576,0.0
34577,0.0
34578,0.0
34579,1.0
34580,0.0
34581,1.0
34582,0.0
34583,0.0
34584,1.0
34585,1.0
34586,0.0
34587,1.0
34588,0.0
34589,0.0
34590,0.0
34591,1.0
34592,0.0
34593,0.0
34594,0.0
34595,0.0
34596,0.0
34597,0.0
34598,0.0
34599,0.0
34600,0.0
34601,0.0
34602,1.0
34603,0.0
34604,1.0
34605,0.0
34606,0.0
34607,0.0
34608,0.0
34609,1.0
34610,0.0
34611,1.0
34612,0.0
34613,0.0
34614,0.0
34615,0.0
34616,0.0
34617,1.0
34618,0.0
34619,0.0
34620,1.0
34621,0.0
34622,0.0
34623,0.0
34624,1.0
34625,0.0
34626,0.0
34627,0.0
34628,0.0
34629,0.0
34630,0.0
34631,0.0
34632,0.0
34633,0.0
34634,0.0
34635,0.0
34636,0.0
34637,0.0
34638,0.0
34639,0.0
34640,0.0
34641,0.0
34642,0.0
34643,1.0
34644,0.0
34645,0.0
34646,0.0
34647,0.0
34648,0.0
34649,0.0
34650,0.0
34651,0.0
34652,0.0
34653,0.0
34654,1.0
34655,0.0
34656,0.0
34657,0.0
34658,1.0
34659,1.0
34660,0.0
34661,1.0
34662,1.0
34663,0.0
34664,0.0
34665,0.0
34666,0.0
34667,1.0
34668,0.0
34669,0.0
34670,0.0
34671,0.0
34672,0.0
34673,0.0
34674,0.0
34675,0.0
34676,0.0
34677,0.0
34678,0.0
34679,0.0
34680,0.0
34681,0.0
34682,0.0
34683,0.0
34684,0.0
34685,1.0
34686,0.0
34687,0.0
34688,0.0
34689,0.0
34690,0.0
34691,0.0
34692,0.0
34693,1.0
34694,0.0
34695,0.0
34696,1.0
34697,1.0
34698,0.0
34699,0.0
34700,0.0
34701,1.0
34702,0.0
34703,0.0
34704,0.0
34705,1.0
34706,0.0
34707,0.0
34708,0.0
34709,1.0
34710,1.0
34711,0.0
34712,0.0
34713,0.0
34714,0.0
34715,1.0
34716,1.0
34717,0.0
34718,0.0
34719,0.0
34720,0.0
34721,0.0
34722,0.0
34723,0.0
34724,0.0
34725,0.0
34726,1.0
34727,0.0
34728,0.0
34729,0.0
34730,0.0
34731,0.0
34732,0.0
34733,1.0
34734,1.0
34735,1.0
34736,0.0
34737,1.0
34738,0.0
34739,0.0
34740,0.0
34741,1.0
34742,0.0
34743,0.0
34744,1.0
34745,1.0
34746,0.0
34747,0.0
34748,0.0
34749,1.0
34750,0.0
34751,0.0
34752,0.0
34753,1.0
34754,0.0
34755,0.0
34756,0.0
34757,0.0
34758,0.0
34759,0.0
34760,1.0
34761,1.0
34762,0.0
34763,0.0
34764,0.0
34765,0.0
34766,1.0
34767,0.0
34768,1.0
34769,0.0
34770,0.0
34771,0.0
34772,0.0
34773,0.0
34774,1.0
34775,0.0
34776,1.0
34777,0.0
34778,0.0
34779,1.0
34780,0.0
34781,0.0
34782,0.0
34783,0.0
34784,1.0
34785,0.0
34786,0.0
34787,0.0
34788,0.0
34789,0.0
34790,0.0
34791,0.0
34792,0.0
34793,0.0
34794,0.0
34795,0.0
34796,0.0
34797,0.0
34798,0.0
34799,0.0
34800,1.0
34801,1.0
34802,0.0
34803,1.0
34804,0.0
34805,0.0
34806,0.0
34807,0.0
34808,0.0
34809,0.0
34810,1.0
34811,0.0
34812,0.0
34813,0.0
34814,0.0
34815,0.0
34816,0.0
34817,0.0
34818,0.0
34819,0.0
34820,0.0
34821,0.0
34822,0.0
34823,0.0
34824,1.0
34825,0.0
34826,1.0
34827,0.0
34828,0.0
34829,0.0
34830,1.0
34831,0.0
34832,0.0
34833,1.0
34834,0.0
34835,0.0
34836,1.0
34837,0.0
34838,0.0
34839,0.0
34840,0.0
34841,0.0
34842,0.0
34843,0.0
34844,0.0
34845,0.0
34846,1.0
34847,0.0
34848,0.0
34849,1.0
34850,0.0
34851,0.0
34852,0.0
34853,1.0
34854,0.0
34855,0.0
34856,0.0
34857,0.0
34858,0.0
34859,0.0
34860,0.0
34861,0.0
34862,0.0
34863,0.0
34864,0.0
34865,0.0
34866,1.0
34867,1.0
34868,0.0
34869,0.0
34870,0.0
34871,1.0
34872,0.0
34873,0.0
34874,0.0
34875,0.0
34876,0.0
34877,1.0
34878,0.0
34879,0.0
34880,0.0
34881,1.0
34882,0.0
34883,0.0
34884,0.0
34885,1.0
34886,0.0
34887,0.0
34888,0.0
34889,0.0
34890,0.0
34891,0.0
34892,0.0
34893,1.0
34894,0.0
34895,1.0
34896,0.0
34897,0.0
34898,0.0
34899,0.0
34900,1.0
34901,1.0
34902,0.0
34903,0.0
34904,0.0
34905,0.0
34906,0.0
34907,0.0
34908,0.0
34909,1.0
34910,0.0
34911,0.0
34912,0.0
34913,0.0
34914,1.0
34915,1.0
34916,0.0
34917,0.0
34918,0.0
34919,0.0
34920,1.0
34921,0.0
34922,0.0
34923,0.0
34924,1.0
34925,0.0
34926,0.0
34927,0.0
34928,1.0
34929,0.0
34930,1.0
34931,0.0
34932,0.0
34933,0.0
34934,0.0
34935,0.0
34936,1.0
34937,1.0
34938,1.0
34939,0.0
34940,0.0
34941,1.0
34942,0.0
34943,1.0
34944,0.0
34945,0.0
34946,0.0
34947,1.0
34948,0.0
34949,0.0
34950,0.0
34951,0.0
34952,1.0
34953,0.0
34954,0.0
34955,0.0
34956,0.0
34957,0.0
34958,0.0
34959,0.0
34960,0.0
34961,0.0
34962,0.0
34963,0.0
34964,0.0
34965,0.0
34966,0.0
34967,0.0
34968,0.0
34969,1.0
34970,0.0
34971,0.0
34972,0.0
34973,0.0
34974,0.0
34975,0.0
34976,0.0
34977,0.0
34978,0.0
34979,1.0
34980,0.0
34981,0.0
34982,1.0
34983,1.0
34984,0.0
34985,1.0
34986,0.0
34987,0.0
34988,1.0
34989,1.0
34990,1.0
34991,0.0
34992,0.0
34993,0.0
34994,1.0
34995,0.0
34996,0.0
34997,0.0
34998,0.0
34999,0.0
35000,0.0
35001,0.0
35002,0.0
35003,0.0
35004,1.0
35005,0.0
35006,0.0
35007,0.0
35008,1.0
35009,0.0
35010,0.0
35011,0.0
35012,0.0
35013,1.0
35014,0.0
35015,0.0
35016,0.0
35017,0.0
35018,1.0
35019,0.0
35020,0.0
35021,0.0
35022,0.0
35023,0.0
35024,0.0
35025,0.0
35026,0.0
35027,0.0
35028,0.0
35029,0.0
35030,0.0
35031,0.0
35032,0.0
35033,0.0
35034,0.0
35035,0.0
35036,1.0
35037,0.0
35038,0.0
35039,1.0
35040,1.0
35041,0.0
35042,0.0
35043,0.0
35044,0.0
35045,0.0
35046,0.0
35047,0.0
35048,0.0
35049,0.0
35050,0.0
35051,0.0
35052,0.0
35053,0.0
35054,0.0
35055,1.0
35056,0.0
35057,0.0
35058,0.0
35059,0.0
35060,0.0
35061,0.0
35062,0.0
35063,1.0
35064,0.0
35065,1.0
35066,1.0
35067,1.0
35068,0.0
35069,0.0
35070,0.0
35071,1.0
35072,0.0
35073,0.0
35074,0.0
35075,0.0
35076,0.0
35077,0.0
35078,0.0
35079,0.0
35080,1.0
35081,0.0
35082,1.0
35083,1.0
35084,0.0
35085,0.0
35086,1.0
35087,0.0
35088,0.0
35089,0.0
35090,1.0
35091,0.0
35092,0.0
35093,0.0
35094,0.0
35095,0.0
35096,1.0
35097,0.0
35098,0.0
35099,0.0
35100,1.0
35101,0.0
35102,1.0
35103,0.0
35104,0.0
35105,0.0
35106,1.0
35107,0.0
35108,0.0
35109,0.0
35110,0.0
35111,0.0
35112,0.0
35113,0.0
35114,1.0
35115,0.0
35116,0.0
35117,0.0
35118,0.0
35119,0.0
35120,0.0
35121,1.0
35122,0.0
35123,0.0
35124,0.0
35125,0.0
35126,1.0
35127,0.0
35128,0.0
35129,0.0
35130,0.0
35131,0.0
35132,1.0
35133,0.0
35134,0.0
35135,0.0
35136,0.0
35137,0.0
35138,0.0
35139,0.0
35140,0.0
35141,0.0
35142,0.0
35143,0.0
35144,0.0
35145,0.0
35146,0.0
35147,1.0
35148,0.0
35149,0.0
35150,0.0
35151,1.0
35152,0.0
35153,0.0
35154,1.0
35155,0.0
35156,1.0
35157,0.0
35158,0.0
35159,0.0
35160,0.0
35161,0.0
35162,0.0
35163,0.0
35164,1.0
35165,0.0
35166,0.0
35167,0.0
35168,1.0
35169,0.0
35170,0.0
35171,0.0
35172,0.0
35173,1.0
35174,0.0
35175,0.0
35176,0.0
35177,0.0
35178,0.0
35179,0.0
35180,0.0
35181,0.0
35182,0.0
35183,0.0
35184,0.0
35185,0.0
35186,0.0
35187,0.0
35188,0.0
35189,0.0
35190,1.0
35191,0.0
35192,0.0
35193,0.0
35194,1.0
35195,1.0
35196,0.0
35197,0.0
35198,0.0
35199,1.0
35200,0.0
35201,0.0
35202,0.0
35203,0.0
35204,0.0
35205,0.0
35206,0.0
35207,0.0
35208,1.0
35209,0.0
35210,0.0
35211,1.0
35212,0.0
35213,0.0
35214,0.0
35215,0.0
35216,0.0
35217,1.0
35218,0.0
35219,0.0
35220,0.0
35221,1.0
35222,0.0
35223,1.0
35224,0.0
35225,0.0
35226,0.0
35227,0.0
35228,0.0
35229,0.0
35230,0.0
35231,0.0
35232,0.0
35233,0.0
35234,1.0
35235,0.0
35236,1.0
35237,0.0
35238,1.0
35239,0.0
35240,0.0
35241,0.0
35242,0.0
35243,1.0
35244,1.0
35245,0.0
35246,0.0
35247,0.0
35248,1.0
35249,0.0
35250,0.0
35251,0.0
35252,0.0
35253,0.0
35254,0.0
35255,1.0
35256,0.0
35257,0.0
35258,1.0
35259,0.0
35260,0.0
35261,0.0
35262,0.0
35263,1.0
35264,0.0
35265,0.0
35266,0.0
35267,0.0
35268,1.0
35269,1.0
35270,1.0
35271,0.0
35272,0.0
35273,0.0
35274,0.0
35275,0.0
35276,0.0
35277,0.0
35278,0.0
35279,0.0
35280,0.0
35281,0.0
35282,1.0
35283,1.0
35284,0.0
35285,0.0
35286,0.0
35287,0.0
35288,0.0
35289,1.0
35290,0.0
35291,0.0
35292,0.0
35293,1.0
35294,0.0
35295,0.0
35296,0.0
35297,0.0
35298,0.0
35299,0.0
35300,0.0
35301,1.0
35302,0.0
35303,0.0
35304,0.0
35305,0.0
35306,0.0
35307,0.0
35308,1.0
35309,0.0
35310,0.0
35311,0.0
35312,0.0
35313,0.0
35314,0.0
35315,0.0
35316,0.0
35317,1.0
35318,0.0
35319,0.0
35320,0.0
35321,0.0
35322,0.0
35323,0.0
35324,0.0
35325,0.0
35326,1.0
35327,0.0
35328,0.0
35329,1.0
35330,0.0
35331,0.0
35332,0.0
35333,0.0
35334,0.0
35335,0.0
35336,0.0
35337,1.0
35338,0.0
35339,0.0
35340,0.0
35341,0.0
35342,0.0
35343,0.0
35344,1.0
35345,0.0
35346,0.0
35347,0.0
35348,0.0
35349,0.0
35350,1.0
35351,1.0
35352,0.0
35353,1.0
35354,0.0
35355,0.0
35356,0.0
35357,0.0
35358,1.0
35359,0.0
35360,0.0
35361,1.0
35362,0.0
35363,0.0
35364,0.0
35365,0.0
35366,0.0
35367,1.0
35368,1.0
35369,0.0
35370,0.0
35371,1.0
35372,0.0
35373,1.0
35374,0.0
35375,0.0
35376,0.0
35377,0.0
35378,0.0
35379,1.0
35380,1.0
35381,0.0
35382,1.0
35383,0.0
35384,0.0
35385,1.0
35386,0.0
35387,0.0
35388,0.0
35389,0.0
35390,0.0
35391,1.0
35392,0.0
35393,0.0
35394,0.0
35395,0.0
35396,0.0
35397,0.0
35398,0.0
35399,0.0
35400,1.0
35401,0.0
35402,0.0
35403,0.0
35404,0.0
35405,0.0
35406,0.0
35407,0.0
35408,1.0
35409,0.0
35410,0.0
35411,1.0
35412,0.0
35413,0.0
35414,0.0
35415,0.0
35416,0.0
35417,0.0
35418,0.0
35419,0.0
35420,0.0
35421,0.0
35422,1.0
35423,0.0
35424,0.0
35425,0.0
35426,0.0
35427,1.0
35428,0.0
35429,1.0
35430,0.0
35431,0.0
35432,0.0
35433,0.0
35434,0.0
35435,1.0
35436,0.0
35437,0.0
35438,0.0
35439,1.0
35440,0.0
35441,0.0
35442,1.0
35443,0.0
35444,0.0
35445,0.0
35446,0.0
35447,1.0
35448,0.0
35449,0.0
35450,1.0
35451,1.0
35452,0.0
35453,1.0
35454,0.0
35455,0.0
35456,0.0
35457,0.0
35458,1.0
35459,0.0
35460,0.0
35461,0.0
35462,1.0
35463,1.0
35464,0.0
35465,0.0
35466,0.0
35467,0.0
35468,1.0
35469,0.0
35470,1.0
35471,0.0
35472,0.0
35473,0.0
35474,1.0
35475,0.0
35476,0.0
35477,0.0
35478,0.0
35479,0.0
35480,0.0
35481,0.0
35482,0.0
35483,1.0
35484,1.0
35485,0.0
35486,1.0
35487,0.0
35488,1.0
35489,0.0
35490,0.0
35491,0.0
35492,0.0
35493,0.0
35494,0.0
35495,0.0
35496,0.0
35497,0.0
35498,0.0
35499,0.0
35500,0.0
35501,1.0
35502,1.0
35503,0.0
35504,0.0
35505,1.0
35506,0.0
35507,0.0
35508,0.0
35509,1.0
35510,0.0
35511,0.0
35512,0.0
35513,0.0
35514,0.0
35515,0.0
35516,0.0
35517,0.0
35518,0.0
35519,0.0
35520,0.0
35521,0.0
35522,0.0
35523,0.0
35524,0.0
35525,1.0
35526,0.0
35527,1.0
35528,0.0
35529,0.0
35530,0.0
35531,1.0
35532,0.0
35533,0.0
35534,0.0
35535,0.0
35536,1.0
35537,0.0
35538,0.0
35539,0.0
35540,0.0
35541,0.0
35542,0.0
35543,0.0
35544,0.0
35545,0.0
35546,0.0
35547,0.0
35548,0.0
35549,1.0
35550,0.0
35551,1.0
35552,0.0
35553,1.0
35554,0.0
35555,0.0
35556,0.0
35557,0.0
35558,0.0
35559,0.0
35560,0.0
35561,0.0
35562,0.0
35563,0.0
35564,0.0
35565,0.0
35566,0.0
35567,0.0
35568,0.0
35569,0.0
35570,0.0
35571,0.0
35572,1.0
35573,0.0
35574,0.0
35575,0.0
35576,0.0
35577,0.0
35578,0.0
35579,0.0
35580,1.0
35581,0.0
35582,0.0
35583,0.0
35584,0.0
35585,0.0
35586,0.0
35587,0.0
35588,0.0
35589,0.0
35590,0.0
35591,1.0
35592,0.0
35593,0.0
35594,0.0
35595,0.0
35596,1.0
35597,0.0
35598,1.0
35599,0.0
35600,1.0
35601,0.0
35602,1.0
35603,0.0
35604,0.0
35605,0.0
35606,0.0
35607,1.0
35608,0.0
35609,0.0
35610,0.0
35611,1.0
35612,0.0
35613,0.0
35614,0.0
35615,0.0
35616,0.0
35617,0.0
35618,0.0
35619,0.0
35620,0.0
35621,0.0
35622,0.0
35623,0.0
35624,0.0
35625,0.0
35626,0.0
35627,0.0
35628,1.0
35629,0.0
35630,1.0
35631,0.0
35632,0.0
35633,0.0
35634,0.0
35635,1.0
35636,0.0
35637,0.0
35638,0.0
35639,1.0
35640,0.0
35641,0.0
35642,1.0
35643,0.0
35644,0.0
35645,0.0
35646,1.0
35647,0.0
35648,0.0
35649,0.0
35650,0.0
35651,0.0
35652,0.0
35653,0.0
35654,0.0
35655,0.0
35656,0.0
35657,0.0
35658,0.0
35659,0.0
35660,1.0
35661,0.0
35662,0.0
35663,0.0
35664,0.0
35665,0.0
35666,0.0
35667,0.0
35668,1.0
35669,0.0
35670,1.0
35671,0.0
35672,0.0
35673,0.0
35674,0.0
35675,1.0
35676,1.0
35677,0.0
35678,0.0
35679,0.0
35680,0.0
35681,0.0
35682,0.0
35683,0.0
35684,0.0
35685,0.0
35686,0.0
35687,0.0
35688,0.0
35689,0.0
35690,1.0
35691,0.0
35692,1.0
35693,0.0
35694,0.0
35695,0.0
35696,0.0
35697,0.0
35698,0.0
35699,0.0
35700,0.0
35701,0.0
35702,1.0
35703,0.0
35704,1.0
35705,0.0
35706,0.0
35707,0.0
35708,0.0
35709,1.0
35710,0.0
35711,1.0
35712,0.0
35713,0.0
35714,1.0
35715,0.0
35716,1.0
35717,0.0
35718,0.0
35719,0.0
35720,0.0
35721,0.0
35722,0.0
35723,0.0
35724,0.0
35725,0.0
35726,1.0
35727,0.0
35728,0.0
35729,0.0
35730,0.0
35731,0.0
35732,0.0
35733,1.0
35734,0.0
35735,0.0
35736,0.0
35737,1.0
35738,0.0
35739,1.0
35740,0.0
35741,0.0
35742,0.0
35743,0.0
35744,0.0
35745,0.0
35746,0.0
35747,0.0
35748,0.0
35749,0.0
35750,0.0
35751,0.0
35752,1.0
35753,0.0
35754,1.0
35755,0.0
35756,0.0
35757,0.0
35758,0.0
35759,0.0
35760,0.0
35761,0.0
35762,0.0
35763,0.0
35764,0.0
35765,0.0
35766,0.0
35767,0.0
35768,0.0
35769,0.0
35770,0.0
35771,0.0
35772,0.0
35773,0.0
35774,0.0
35775,0.0
35776,0.0
35777,1.0
35778,1.0
35779,1.0
35780,0.0
35781,0.0
35782,0.0
35783,0.0
35784,0.0
35785,0.0
35786,0.0
35787,0.0
35788,1.0
35789,0.0
35790,0.0
35791,0.0
35792,0.0
35793,0.0
35794,0.0
35795,0.0
35796,1.0
35797,1.0
35798,0.0
35799,0.0
35800,0.0
35801,0.0
35802,0.0
35803,0.0
35804,0.0
35805,0.0
35806,0.0
35807,0.0
35808,0.0
35809,0.0
35810,0.0
35811,0.0
35812,0.0
35813,0.0
35814,0.0
35815,1.0
35816,1.0
35817,0.0
35818,0.0
35819,0.0
35820,0.0
35821,0.0
35822,1.0
35823,0.0
35824,1.0
35825,1.0
35826,1.0
35827,0.0
35828,0.0
35829,0.0
35830,0.0
35831,0.0
35832,1.0
35833,0.0
35834,0.0
35835,0.0
35836,1.0
35837,0.0
35838,0.0
35839,0.0
35840,1.0
35841,1.0
35842,0.0
35843,0.0
35844,1.0
35845,0.0
35846,0.0
35847,0.0
35848,1.0
35849,1.0
35850,1.0
35851,0.0
35852,0.0
35853,0.0
35854,1.0
35855,0.0
35856,0.0
35857,0.0
35858,0.0
35859,1.0
35860,0.0
35861,0.0
35862,0.0
35863,0.0
35864,0.0
35865,1.0
35866,0.0
35867,0.0
35868,0.0
35869,1.0
35870,0.0
35871,0.0
35872,0.0
35873,0.0
35874,0.0
35875,1.0
35876,0.0
35877,0.0
35878,1.0
35879,1.0
35880,0.0
35881,0.0
35882,1.0
35883,0.0
35884,0.0
35885,0.0
35886,0.0
35887,0.0
35888,0.0
35889,0.0
35890,0.0
35891,0.0
35892,0.0
35893,0.0
35894,0.0
35895,1.0
35896,0.0
35897,0.0
35898,0.0
35899,0.0
35900,0.0
35901,0.0
35902,0.0
35903,0.0
35904,0.0
35905,0.0
35906,0.0
35907,1.0
35908,0.0
35909,1.0
35910,0.0
35911,0.0
35912,0.0
35913,0.0
35914,0.0
35915,0.0
35916,1.0
35917,0.0
35918,0.0
35919,1.0
35920,0.0
35921,1.0
35922,1.0
35923,0.0
35924,0.0
35925,0.0
35926,1.0
35927,0.0
35928,0.0
35929,1.0
35930,1.0
35931,1.0
35932,0.0
35933,0.0
35934,0.0
35935,1.0
35936,0.0
35937,0.0
35938,0.0
35939,0.0
35940,0.0
35941,0.0
35942,0.0
35943,0.0
35944,0.0
35945,0.0
35946,1.0
35947,0.0
35948,0.0
35949,0.0
35950,0.0
35951,1.0
35952,0.0
35953,1.0
35954,0.0
35955,0.0
35956,1.0
35957,0.0
35958,0.0
35959,0.0
35960,0.0
35961,0.0
35962,0.0
35963,0.0
35964,0.0
35965,1.0
35966,0.0
35967,0.0
35968,0.0
35969,0.0
35970,0.0
35971,0.0
35972,0.0
35973,0.0
35974,0.0
35975,0.0
35976,0.0
35977,0.0
35978,0.0
35979,0.0
35980,1.0
35981,0.0
35982,0.0
35983,1.0
35984,0.0
35985,1.0
35986,0.0
35987,0.0
35988,0.0
35989,1.0
35990,1.0
35991,0.0
35992,0.0
35993,0.0
35994,0.0
35995,0.0
35996,0.0
35997,0.0
35998,0.0
35999,0.0
36000,0.0
36001,0.0
36002,1.0
36003,0.0
36004,0.0
36005,1.0
36006,0.0
36007,0.0
36008,0.0
36009,0.0
36010,0.0
36011,0.0
36012,0.0
36013,1.0
36014,0.0
36015,0.0
36016,0.0
36017,1.0
36018,0.0
36019,0.0
36020,0.0
36021,0.0
36022,0.0
36023,0.0
36024,1.0
36025,1.0
36026,0.0
36027,1.0
36028,0.0
36029,0.0
36030,0.0
36031,0.0
36032,0.0
36033,0.0
36034,0.0
36035,0.0
36036,0.0
36037,0.0
36038,1.0
36039,0.0
36040,0.0
36041,0.0
36042,0.0
36043,0.0
36044,1.0
36045,0.0
36046,0.0
36047,0.0
36048,0.0
36049,0.0
36050,1.0
36051,0.0
36052,0.0
36053,0.0
36054,0.0
36055,0.0
36056,1.0
36057,0.0
36058,1.0
36059,0.0
36060,0.0
36061,0.0
36062,0.0
36063,0.0
36064,0.0
36065,0.0
36066,0.0
36067,1.0
36068,0.0
36069,1.0
36070,1.0
36071,1.0
36072,0.0
36073,0.0
36074,0.0
36075,0.0
36076,0.0
36077,1.0
36078,0.0
36079,0.0
36080,0.0
36081,0.0
36082,0.0
36083,0.0
36084,1.0
36085,0.0
36086,0.0
36087,0.0
36088,1.0
36089,1.0
36090,0.0
36091,0.0
36092,1.0
36093,0.0
36094,0.0
36095,1.0
36096,1.0
36097,1.0
36098,1.0
36099,1.0
36100,1.0
36101,0.0
36102,0.0
36103,0.0
36104,0.0
36105,1.0
36106,0.0
36107,0.0
36108,0.0
36109,0.0
36110,0.0
36111,0.0
36112,0.0
36113,1.0
36114,0.0
36115,0.0
36116,0.0
36117,1.0
36118,0.0
36119,0.0
36120,0.0
36121,0.0
36122,0.0
36123,0.0
36124,1.0
36125,0.0
36126,0.0
36127,1.0
36128,1.0
36129,0.0
36130,0.0
36131,0.0
36132,0.0
36133,1.0
36134,0.0
36135,0.0
36136,0.0
36137,0.0
36138,0.0
36139,0.0
36140,0.0
36141,0.0
36142,0.0
36143,0.0
36144,0.0
36145,1.0
36146,0.0
36147,0.0
36148,0.0
36149,0.0
36150,0.0
36151,0.0
36152,0.0
36153,0.0
36154,1.0
36155,1.0
36156,0.0
36157,1.0
36158,0.0
36159,0.0
36160,0.0
36161,0.0
36162,0.0
36163,0.0
36164,0.0
36165,0.0
36166,0.0
36167,0.0
36168,0.0
36169,0.0
36170,0.0
36171,0.0
36172,0.0
36173,0.0
36174,0.0
36175,0.0
36176,1.0
36177,1.0
36178,0.0
36179,0.0
36180,0.0
36181,0.0
36182,0.0
36183,0.0
36184,0.0
36185,1.0
36186,0.0
36187,1.0
36188,0.0
36189,0.0
36190,1.0
36191,0.0
36192,0.0
36193,0.0
36194,0.0
36195,1.0
36196,0.0
36197,0.0
36198,1.0
36199,0.0
36200,0.0
36201,0.0
36202,0.0
36203,0.0
36204,0.0
36205,1.0
36206,0.0
36207,0.0
36208,0.0
36209,0.0
36210,0.0
36211,1.0
36212,1.0
36213,0.0
36214,0.0
36215,0.0
36216,0.0
36217,0.0
36218,0.0
36219,0.0
36220,0.0
36221,0.0
36222,0.0
36223,0.0
36224,1.0
36225,0.0
36226,0.0
36227,0.0
36228,0.0
36229,0.0
36230,0.0
36231,1.0
36232,0.0
36233,0.0
36234,1.0
36235,0.0
36236,1.0
36237,0.0
36238,0.0
36239,1.0
36240,0.0
36241,1.0
36242,1.0
36243,0.0
36244,1.0
36245,0.0
36246,0.0
36247,0.0
36248,0.0
36249,0.0
36250,0.0
36251,0.0
36252,0.0
36253,1.0
36254,0.0
36255,0.0
36256,0.0
36257,0.0
36258,1.0
36259,0.0
36260,0.0
36261,0.0
36262,0.0
36263,0.0
36264,0.0
36265,1.0
36266,0.0
36267,0.0
36268,0.0
36269,1.0
36270,0.0
36271,0.0
36272,0.0
36273,1.0
36274,0.0
36275,0.0
36276,0.0
36277,0.0
36278,0.0
36279,0.0
36280,0.0
36281,1.0
36282,0.0
36283,0.0
36284,0.0
36285,0.0
36286,0.0
36287,1.0
36288,0.0
36289,1.0
36290,1.0
36291,0.0
36292,1.0
36293,1.0
36294,0.0
36295,0.0
36296,0.0
36297,0.0
36298,0.0
36299,0.0
36300,1.0
36301,0.0
36302,0.0
36303,0.0
36304,0.0
36305,0.0
36306,0.0
36307,0.0
36308,1.0
36309,0.0
36310,0.0
36311,0.0
36312,0.0
36313,0.0
36314,1.0
36315,0.0
36316,0.0
36317,1.0
36318,0.0
36319,0.0
36320,0.0
36321,0.0
36322,0.0
36323,1.0
36324,0.0
36325,0.0
36326,1.0
36327,0.0
36328,1.0
36329,0.0
36330,0.0
36331,0.0
36332,1.0
36333,0.0
36334,0.0
36335,1.0
36336,0.0
36337,0.0
36338,0.0
36339,1.0
36340,0.0
36341,0.0
36342,0.0
36343,0.0
36344,0.0
36345,0.0
36346,0.0
36347,1.0
36348,0.0
36349,0.0
36350,0.0
36351,0.0
36352,0.0
36353,1.0
36354,0.0
36355,0.0
36356,0.0
36357,0.0
36358,0.0
36359,0.0
36360,0.0
36361,0.0
36362,1.0
36363,1.0
36364,0.0
36365,1.0
36366,1.0
36367,0.0
36368,0.0
36369,0.0
36370,1.0
36371,0.0
36372,1.0
36373,0.0
36374,1.0
36375,0.0
36376,0.0
36377,1.0
36378,1.0
36379,0.0
36380,0.0
36381,1.0
36382,0.0
36383,0.0
36384,0.0
36385,0.0
36386,0.0
36387,1.0
36388,0.0
36389,0.0
36390,0.0
36391,0.0
36392,0.0
36393,0.0
36394,1.0
36395,0.0
36396,0.0
36397,0.0
36398,0.0
36399,0.0
36400,0.0
36401,0.0
36402,0.0
36403,0.0
36404,0.0
36405,0.0
36406,1.0
36407,0.0
36408,0.0
36409,0.0
36410,0.0
36411,0.0
36412,0.0
36413,0.0
36414,0.0
36415,0.0
36416,0.0
36417,0.0
36418,0.0
36419,1.0
36420,0.0
36421,0.0
36422,0.0
36423,0.0
36424,0.0
36425,0.0
36426,0.0
36427,1.0
36428,0.0
36429,0.0
36430,0.0
36431,1.0
36432,0.0
36433,0.0
36434,0.0
36435,0.0
36436,0.0
36437,0.0
36438,1.0
36439,0.0
36440,0.0
36441,0.0
36442,0.0
36443,0.0
36444,0.0
36445,0.0
36446,1.0
36447,0.0
36448,0.0
36449,0.0
36450,0.0
36451,0.0
36452,0.0
36453,0.0
36454,0.0
36455,0.0
36456,0.0
36457,0.0
36458,0.0
36459,0.0
36460,0.0
36461,0.0
36462,0.0
36463,0.0
36464,1.0
36465,0.0
36466,0.0
36467,0.0
36468,0.0
36469,0.0
36470,0.0
36471,0.0
36472,0.0
36473,0.0
36474,0.0
36475,0.0
36476,0.0
36477,0.0
36478,0.0
36479,1.0
36480,0.0
36481,0.0
36482,0.0
36483,0.0
36484,1.0
36485,0.0
36486,0.0
36487,0.0
36488,0.0
36489,0.0
36490,0.0
36491,1.0
36492,0.0
36493,0.0
36494,0.0
36495,1.0
36496,0.0
36497,0.0
36498,0.0
36499,0.0
36500,0.0
36501,0.0
36502,0.0
36503,1.0
36504,0.0
36505,0.0
36506,0.0
36507,0.0
36508,0.0
36509,1.0
36510,0.0
36511,0.0
36512,0.0
36513,0.0
36514,0.0
36515,0.0
36516,0.0
36517,0.0
36518,0.0
36519,0.0
36520,0.0
36521,0.0
36522,0.0
36523,1.0
36524,0.0
36525,0.0
36526,0.0
36527,0.0
36528,0.0
36529,0.0
36530,1.0
36531,0.0
36532,0.0
36533,1.0
36534,1.0
36535,0.0
36536,1.0
36537,0.0
36538,0.0
36539,0.0
36540,1.0
36541,1.0
36542,0.0
36543,0.0
36544,0.0
36545,0.0
36546,0.0
36547,0.0
36548,0.0
36549,0.0
36550,0.0
36551,0.0
36552,0.0
36553,0.0
36554,0.0
36555,0.0
36556,1.0
36557,0.0
36558,0.0
36559,0.0
36560,0.0
36561,0.0
36562,0.0
36563,1.0
36564,0.0
36565,0.0
36566,1.0
36567,0.0
36568,1.0
36569,0.0
36570,1.0
36571,0.0
36572,0.0
36573,0.0
36574,0.0
36575,0.0
36576,0.0
36577,0.0
36578,0.0
36579,0.0
36580,0.0
36581,0.0
36582,0.0
36583,1.0
36584,0.0
36585,0.0
36586,1.0
36587,1.0
36588,0.0
36589,0.0
36590,1.0
36591,0.0
36592,0.0
36593,0.0
36594,1.0
36595,0.0
36596,0.0
36597,1.0
36598,0.0
36599,0.0
36600,0.0
36601,1.0
36602,0.0
36603,0.0
36604,0.0
36605,0.0
36606,0.0
36607,0.0
36608,0.0
36609,0.0
36610,1.0
36611,1.0
36612,0.0
36613,0.0
36614,0.0
36615,1.0
36616,0.0
36617,0.0
36618,0.0
36619,0.0
36620,0.0
36621,1.0
36622,1.0
36623,0.0
36624,0.0
36625,0.0
36626,1.0
36627,0.0
36628,0.0
36629,0.0
36630,0.0
36631,0.0
36632,0.0
36633,0.0
36634,0.0
36635,0.0
36636,0.0
36637,0.0
36638,0.0
36639,1.0
36640,0.0
36641,0.0
36642,0.0
36643,0.0
36644,0.0
36645,0.0
36646,0.0
36647,0.0
36648,0.0
36649,0.0
36650,1.0
36651,0.0
36652,0.0
36653,1.0
36654,0.0
36655,0.0
36656,1.0
36657,0.0
36658,1.0
36659,0.0
36660,0.0
36661,0.0
36662,0.0
36663,0.0
36664,1.0
36665,0.0
36666,1.0
36667,0.0
36668,1.0
36669,0.0
36670,0.0
36671,0.0
36672,1.0
36673,0.0
36674,0.0
36675,0.0
36676,0.0
36677,0.0
36678,0.0
36679,0.0
36680,0.0
36681,0.0
36682,0.0
36683,0.0
36684,0.0
36685,0.0
36686,0.0
36687,0.0
36688,1.0
36689,0.0
36690,1.0
36691,0.0
36692,1.0
36693,0.0
36694,0.0
36695,0.0
36696,0.0
36697,0.0
36698,1.0
36699,1.0
36700,0.0
36701,0.0
36702,0.0
36703,1.0
36704,0.0
36705,0.0
36706,0.0
36707,0.0
36708,1.0
36709,0.0
36710,1.0
36711,0.0
36712,0.0
36713,0.0
36714,0.0
36715,1.0
36716,0.0
36717,0.0
36718,0.0
36719,1.0
36720,0.0
36721,0.0
36722,1.0
36723,0.0
36724,0.0
36725,0.0
36726,0.0
36727,0.0
36728,0.0
36729,0.0
36730,0.0
36731,0.0
36732,1.0
36733,1.0
36734,0.0
36735,0.0
36736,0.0
36737,0.0
36738,0.0
36739,0.0
36740,0.0
36741,1.0
36742,0.0
36743,0.0
36744,0.0
36745,0.0
36746,0.0
36747,0.0
36748,1.0
36749,0.0
36750,0.0
36751,0.0
36752,0.0
36753,1.0
36754,0.0
36755,0.0
36756,0.0
36757,0.0
36758,0.0
36759,0.0
36760,0.0
36761,1.0
36762,1.0
36763,0.0
36764,1.0
36765,0.0
36766,0.0
36767,0.0
36768,0.0
36769,0.0
36770,0.0
36771,0.0
36772,1.0
36773,0.0
36774,0.0
36775,0.0
36776,0.0
36777,0.0
36778,0.0
36779,0.0
36780,0.0
36781,0.0
36782,0.0
36783,0.0
36784,0.0
36785,0.0
36786,1.0
36787,0.0
36788,0.0
36789,0.0
36790,0.0
36791,0.0
36792,0.0
36793,0.0
36794,1.0
36795,0.0
36796,0.0
36797,0.0
36798,0.0
36799,0.0
36800,0.0
36801,0.0
36802,0.0
36803,0.0
36804,0.0
36805,0.0
36806,1.0
36807,0.0
36808,1.0
36809,0.0
36810,0.0
36811,0.0
36812,0.0
36813,0.0
36814,0.0
36815,0.0
36816,0.0
36817,1.0
36818,1.0
36819,0.0
36820,0.0
36821,0.0
36822,0.0
36823,0.0
36824,0.0
36825,0.0
36826,0.0
36827,0.0
36828,0.0
36829,0.0
36830,0.0
36831,0.0
36832,0.0
36833,0.0
36834,0.0
36835,1.0
36836,1.0
36837,0.0
36838,1.0
36839,0.0
36840,1.0
36841,0.0
36842,1.0
36843,0.0
36844,0.0
36845,0.0
36846,0.0
36847,0.0
36848,1.0
36849,0.0
36850,0.0
36851,0.0
36852,0.0
36853,0.0
36854,0.0
36855,0.0
36856,1.0
36857,0.0
36858,0.0
36859,0.0
36860,0.0
36861,0.0
36862,0.0
36863,1.0
36864,1.0
36865,0.0
36866,0.0
36867,0.0
36868,0.0
36869,0.0
36870,0.0
36871,1.0
36872,0.0
36873,0.0
36874,1.0
36875,0.0
36876,0.0
36877,0.0
36878,1.0
36879,1.0
36880,1.0
36881,0.0
36882,1.0
36883,1.0
36884,0.0
36885,0.0
36886,0.0
36887,1.0
36888,1.0
36889,1.0
36890,0.0
36891,0.0
36892,0.0
36893,1.0
36894,1.0
36895,0.0
36896,0.0
36897,0.0
36898,0.0
36899,0.0
36900,1.0
36901,0.0
36902,0.0
36903,1.0
36904,0.0
36905,0.0
36906,1.0
36907,1.0
36908,0.0
36909,0.0
36910,0.0
36911,0.0
36912,0.0
36913,0.0
36914,0.0
36915,0.0
36916,0.0
36917,0.0
36918,1.0
36919,0.0
36920,0.0
36921,1.0
36922,0.0
36923,1.0
36924,0.0
36925,0.0
36926,0.0
36927,0.0
36928,0.0
36929,0.0
36930,0.0
36931,1.0
36932,0.0
36933,0.0
36934,0.0
36935,0.0
36936,1.0
36937,0.0
36938,0.0
36939,1.0
36940,0.0
36941,1.0
36942,1.0
36943,0.0
36944,0.0
36945,0.0
36946,0.0
36947,1.0
36948,0.0
36949,0.0
36950,0.0
36951,0.0
36952,0.0
36953,0.0
36954,0.0
36955,1.0
36956,1.0
36957,0.0
36958,0.0
36959,0.0
36960,0.0
36961,0.0
36962,1.0
36963,1.0
36964,0.0
36965,0.0
36966,1.0
36967,0.0
36968,0.0
36969,0.0
36970,0.0
36971,0.0
36972,0.0
36973,1.0
36974,0.0
36975,1.0
36976,0.0
36977,0.0
36978,0.0
36979,0.0
36980,0.0
36981,0.0
36982,0.0
36983,0.0
36984,0.0
36985,0.0
36986,0.0
36987,0.0
36988,1.0
36989,0.0
36990,0.0
36991,1.0
36992,0.0
36993,0.0
36994,1.0
36995,0.0
36996,1.0
36997,0.0
36998,1.0
36999,0.0
37000,0.0
37001,0.0
37002,0.0
37003,0.0
37004,1.0
37005,0.0
37006,0.0
37007,0.0
37008,1.0
37009,0.0
37010,0.0
37011,0.0
37012,0.0
37013,0.0
37014,1.0
37015,0.0
37016,1.0
37017,1.0
37018,0.0
37019,1.0
37020,0.0
37021,0.0
37022,1.0
37023,1.0
37024,0.0
37025,0.0
37026,0.0
37027,0.0
37028,0.0
37029,0.0
37030,0.0
37031,0.0
37032,0.0
37033,0.0
37034,0.0
37035,0.0
37036,0.0
37037,0.0
37038,1.0
37039,0.0
37040,0.0
37041,0.0
37042,0.0
37043,0.0
37044,0.0
37045,0.0
37046,0.0
37047,0.0
37048,0.0
37049,0.0
37050,1.0
37051,1.0
37052,1.0
37053,0.0
37054,0.0
37055,0.0
37056,0.0
37057,1.0
37058,0.0
37059,0.0
37060,0.0
37061,0.0
37062,0.0
37063,0.0
37064,0.0
37065,0.0
37066,0.0
37067,0.0
37068,0.0
37069,0.0
37070,0.0
37071,0.0
37072,0.0
37073,0.0
37074,0.0
37075,0.0
37076,0.0
37077,0.0
37078,1.0
37079,0.0
37080,0.0
37081,0.0
37082,0.0
37083,0.0
37084,0.0
37085,0.0
37086,0.0
37087,0.0
37088,0.0
37089,1.0
37090,1.0
37091,1.0
37092,0.0
37093,0.0
37094,0.0
37095,1.0
37096,1.0
37097,0.0
37098,0.0
37099,0.0
37100,0.0
37101,0.0
37102,0.0
37103,0.0
37104,0.0
37105,1.0
37106,0.0
37107,0.0
37108,0.0
37109,0.0
37110,0.0
37111,0.0
37112,1.0
37113,1.0
37114,0.0
37115,0.0
37116,1.0
37117,0.0
37118,0.0
37119,0.0
37120,1.0
37121,0.0
37122,0.0
37123,0.0
37124,0.0
37125,0.0
37126,0.0
37127,0.0
37128,1.0
37129,0.0
37130,1.0
37131,1.0
37132,0.0
37133,0.0
37134,0.0
37135,0.0
37136,0.0
37137,0.0
37138,1.0
37139,0.0
37140,1.0
37141,0.0
37142,0.0
37143,0.0
37144,0.0
37145,0.0
37146,0.0
37147,0.0
37148,0.0
37149,0.0
37150,0.0
37151,1.0
37152,0.0
37153,1.0
37154,0.0
37155,0.0
37156,0.0
37157,0.0
37158,0.0
37159,0.0
37160,0.0
37161,1.0
37162,1.0
37163,0.0
37164,0.0
37165,0.0
37166,1.0
37167,0.0
37168,0.0
37169,0.0
37170,0.0
37171,0.0
37172,0.0
37173,0.0
37174,0.0
37175,0.0
37176,1.0
37177,0.0
37178,0.0
37179,1.0
37180,1.0
37181,0.0
37182,0.0
37183,1.0
37184,0.0
37185,0.0
37186,0.0
37187,0.0
37188,0.0
37189,0.0
37190,0.0
37191,1.0
37192,0.0
37193,0.0
37194,0.0
37195,0.0
37196,0.0
37197,0.0
37198,0.0
37199,1.0
37200,1.0
37201,0.0
37202,0.0
37203,0.0
37204,0.0
37205,1.0
37206,0.0
37207,0.0
37208,1.0
37209,0.0
37210,0.0
37211,1.0
37212,0.0
37213,0.0
37214,0.0
37215,0.0
37216,0.0
37217,0.0
37218,1.0
37219,0.0
37220,0.0
37221,0.0
37222,0.0
37223,0.0
37224,0.0
37225,0.0
37226,0.0
37227,0.0
37228,1.0
37229,1.0
37230,0.0
37231,1.0
37232,0.0
37233,0.0
37234,0.0
37235,1.0
37236,0.0
37237,1.0
37238,1.0
37239,0.0
37240,1.0
37241,0.0
37242,0.0
37243,0.0
37244,0.0
37245,0.0
37246,1.0
37247,1.0
37248,0.0
37249,0.0
37250,0.0
37251,0.0
37252,0.0
37253,1.0
37254,0.0
37255,0.0
37256,0.0
37257,1.0
37258,1.0
37259,0.0
37260,0.0
37261,1.0
37262,0.0
37263,0.0
37264,1.0
37265,1.0
37266,0.0
37267,1.0
37268,0.0
37269,1.0
37270,0.0
37271,0.0
37272,0.0
37273,0.0
37274,0.0
37275,0.0
37276,0.0
37277,0.0
37278,0.0
37279,0.0
37280,0.0
37281,0.0
37282,0.0
37283,0.0
37284,0.0
37285,0.0
37286,0.0
37287,1.0
37288,0.0
37289,0.0
37290,1.0
37291,0.0
37292,0.0
37293,0.0
37294,0.0
37295,0.0
37296,0.0
37297,0.0
37298,0.0
37299,0.0
37300,0.0
37301,0.0
37302,0.0
37303,1.0
37304,0.0
37305,0.0
37306,0.0
37307,0.0
37308,0.0
37309,0.0
37310,0.0
37311,0.0
37312,0.0
37313,0.0
37314,0.0
37315,0.0
37316,0.0
37317,0.0
37318,0.0
37319,0.0
37320,0.0
37321,0.0
37322,0.0
37323,0.0
37324,1.0
37325,0.0
37326,0.0
37327,0.0
37328,0.0
37329,0.0
37330,0.0
37331,0.0
37332,0.0
37333,0.0
37334,1.0
37335,0.0
37336,0.0
37337,0.0
37338,0.0
37339,0.0
37340,0.0
37341,0.0
37342,0.0
37343,1.0
37344,1.0
37345,0.0
37346,0.0
37347,0.0
37348,0.0
37349,0.0
37350,0.0
37351,0.0
37352,0.0
37353,0.0
37354,0.0
37355,0.0
37356,0.0
37357,0.0
37358,0.0
37359,0.0
37360,0.0
37361,0.0
37362,0.0
37363,0.0
37364,1.0
37365,1.0
37366,0.0
37367,1.0
37368,0.0
37369,0.0
37370,0.0
37371,0.0
37372,0.0
37373,0.0
37374,0.0
37375,0.0
37376,1.0
37377,1.0
37378,1.0
37379,0.0
37380,0.0
37381,0.0
37382,0.0
37383,0.0
37384,0.0
37385,0.0
37386,1.0
37387,0.0
37388,0.0
37389,0.0
37390,0.0
37391,0.0
37392,0.0
37393,0.0
37394,0.0
37395,0.0
37396,0.0
37397,1.0
37398,0.0
37399,0.0
37400,0.0
37401,0.0
37402,0.0
37403,0.0
37404,0.0
37405,0.0
37406,1.0
37407,1.0
37408,0.0
37409,1.0
37410,1.0
37411,0.0
37412,0.0
37413,0.0
37414,1.0
37415,1.0
37416,0.0
37417,0.0
37418,1.0
37419,1.0
37420,1.0
37421,0.0
37422,0.0
37423,0.0
37424,0.0
37425,0.0
37426,0.0
37427,0.0
37428,0.0
37429,0.0
37430,0.0
37431,1.0
37432,1.0
37433,0.0
37434,0.0
37435,0.0
37436,1.0
37437,0.0
37438,1.0
37439,0.0
37440,0.0
37441,0.0
37442,0.0
37443,0.0
37444,0.0
37445,1.0
37446,1.0
37447,0.0
37448,0.0
37449,0.0
37450,1.0
37451,1.0
37452,0.0
37453,0.0
37454,0.0
37455,1.0
37456,1.0
37457,0.0
37458,0.0
37459,1.0
37460,0.0
37461,0.0
37462,0.0
37463,0.0
37464,0.0
37465,0.0
37466,0.0
37467,1.0
37468,0.0
37469,1.0
37470,0.0
37471,0.0
37472,0.0
37473,0.0
37474,1.0
37475,0.0
37476,0.0
37477,0.0
37478,0.0
37479,0.0
37480,0.0
37481,0.0
37482,0.0
37483,0.0
37484,1.0
37485,0.0
37486,0.0
37487,0.0
37488,0.0
37489,0.0
37490,0.0
37491,0.0
37492,1.0
37493,1.0
37494,0.0
37495,1.0
37496,1.0
37497,0.0
37498,0.0
37499,0.0
37500,1.0
37501,0.0
37502,0.0
37503,0.0
37504,0.0
37505,0.0
37506,0.0
37507,0.0
37508,0.0
37509,0.0
37510,0.0
37511,0.0
37512,0.0
37513,0.0
37514,1.0
37515,0.0
37516,0.0
37517,1.0
37518,0.0
37519,1.0
37520,0.0
37521,0.0
37522,0.0
37523,0.0
37524,0.0
37525,0.0
37526,0.0
37527,0.0
37528,0.0
37529,1.0
37530,0.0
37531,0.0
37532,0.0
37533,0.0
37534,1.0
37535,0.0
37536,0.0
37537,1.0
37538,1.0
37539,0.0
37540,0.0
37541,0.0
37542,0.0
37543,0.0
37544,0.0
37545,0.0
37546,0.0
37547,1.0
37548,0.0
37549,0.0
37550,0.0
37551,0.0
37552,0.0
37553,0.0
37554,0.0
37555,0.0
37556,0.0
37557,0.0
37558,0.0
37559,0.0
37560,0.0
37561,0.0
37562,0.0
37563,1.0
37564,0.0
37565,1.0
37566,0.0
37567,0.0
37568,0.0
37569,0.0
37570,0.0
37571,1.0
37572,1.0
37573,0.0
37574,0.0
37575,1.0
37576,1.0
37577,1.0
37578,0.0
37579,1.0
37580,0.0
37581,0.0
37582,0.0
37583,0.0
37584,0.0
37585,1.0
37586,0.0
37587,1.0
37588,0.0
37589,0.0
37590,0.0
37591,0.0
37592,0.0
37593,1.0
37594,0.0
37595,0.0
37596,0.0
37597,0.0
37598,1.0
37599,0.0
37600,0.0
37601,1.0
37602,0.0
37603,0.0
37604,0.0
37605,0.0
37606,0.0
37607,0.0
37608,0.0
37609,1.0
37610,0.0
37611,0.0
37612,0.0
37613,0.0
37614,0.0
37615,0.0
37616,1.0
37617,1.0
37618,0.0
37619,1.0
37620,0.0
37621,0.0
37622,0.0
37623,1.0
37624,0.0
37625,0.0
37626,0.0
37627,0.0
37628,0.0
37629,0.0
37630,0.0
37631,0.0
37632,0.0
37633,1.0
37634,0.0
37635,0.0
37636,0.0
37637,0.0
37638,0.0
37639,0.0
37640,0.0
37641,0.0
37642,0.0
37643,0.0
37644,0.0
37645,0.0
37646,0.0
37647,0.0
37648,0.0
37649,0.0
37650,0.0
37651,0.0
37652,1.0
37653,0.0
37654,0.0
37655,0.0
37656,0.0
37657,0.0
37658,1.0
37659,0.0
37660,0.0
37661,0.0
37662,0.0
37663,0.0
37664,1.0
37665,0.0
37666,0.0
37667,0.0
37668,0.0
37669,0.0
37670,1.0
37671,0.0
37672,0.0
37673,0.0
37674,0.0
37675,0.0
37676,0.0
37677,0.0
37678,0.0
37679,0.0
37680,0.0
37681,0.0
37682,1.0
37683,0.0
37684,0.0
37685,0.0
37686,1.0
37687,0.0
37688,0.0
37689,1.0
37690,1.0
37691,0.0
37692,0.0
37693,0.0
37694,0.0
37695,0.0
37696,0.0
37697,0.0
37698,0.0
37699,0.0
37700,1.0
37701,0.0
37702,1.0
37703,0.0
37704,0.0
37705,0.0
37706,0.0
37707,0.0
37708,0.0
37709,1.0
37710,0.0
37711,0.0
37712,1.0
37713,0.0
37714,0.0
37715,1.0
37716,0.0
37717,0.0
37718,0.0
37719,1.0
37720,0.0
37721,0.0
37722,1.0
37723,1.0
37724,0.0
37725,0.0
37726,0.0
37727,1.0
37728,0.0
37729,0.0
37730,1.0
37731,0.0
37732,0.0
37733,0.0
37734,0.0
37735,1.0
37736,0.0
37737,0.0
37738,0.0
37739,0.0
37740,0.0
37741,0.0
37742,1.0
37743,1.0
37744,0.0
37745,0.0
37746,0.0
37747,1.0
37748,1.0
37749,1.0
37750,0.0
37751,1.0
37752,1.0
37753,0.0
37754,0.0
37755,1.0
37756,0.0
37757,0.0
37758,0.0
37759,0.0
37760,1.0
37761,0.0
37762,0.0
37763,1.0
37764,1.0
37765,0.0
37766,0.0
37767,0.0
37768,0.0
37769,0.0
37770,0.0
37771,0.0
37772,0.0
37773,0.0
37774,0.0
37775,0.0
37776,0.0
37777,0.0
37778,0.0
37779,1.0
37780,0.0
37781,0.0
37782,0.0
37783,0.0
37784,0.0
37785,0.0
37786,0.0
37787,1.0
37788,0.0
37789,0.0
37790,0.0
37791,0.0
37792,0.0
37793,0.0
37794,1.0
37795,0.0
37796,0.0
37797,0.0
37798,0.0
37799,0.0
37800,0.0
37801,1.0
37802,0.0
37803,0.0
37804,1.0
37805,0.0
37806,0.0
37807,0.0
37808,0.0
37809,1.0
37810,0.0
37811,0.0
37812,1.0
37813,1.0
37814,0.0
37815,0.0
37816,1.0
37817,0.0
37818,1.0
37819,1.0
37820,0.0
37821,0.0
37822,0.0
37823,0.0
37824,1.0
37825,0.0
37826,0.0
37827,1.0
37828,1.0
37829,0.0
37830,0.0
37831,0.0
37832,0.0
37833,1.0
37834,0.0
37835,0.0
37836,0.0
37837,1.0
37838,0.0
37839,0.0
37840,0.0
37841,0.0
37842,0.0
37843,0.0
37844,0.0
37845,1.0
37846,0.0
37847,0.0
37848,0.0
37849,0.0
37850,0.0
37851,0.0
37852,0.0
37853,0.0
37854,0.0
37855,0.0
37856,0.0
37857,0.0
37858,0.0
37859,0.0
37860,1.0
37861,0.0
37862,1.0
37863,0.0
37864,1.0
37865,0.0
37866,0.0
37867,0.0
37868,0.0
37869,0.0
37870,1.0
37871,0.0
37872,0.0
37873,1.0
37874,0.0
37875,0.0
37876,0.0
37877,0.0
37878,0.0
37879,0.0
37880,0.0
37881,0.0
37882,0.0
37883,0.0
37884,1.0
37885,0.0
37886,0.0
37887,0.0
37888,0.0
37889,0.0
37890,0.0
37891,0.0
37892,0.0
37893,0.0
37894,1.0
37895,0.0
37896,0.0
37897,0.0
37898,1.0
37899,0.0
37900,1.0
37901,0.0
37902,1.0
37903,1.0
37904,0.0
37905,0.0
37906,0.0
37907,0.0
37908,1.0
37909,0.0
37910,0.0
37911,0.0
37912,0.0
37913,1.0
37914,0.0
37915,0.0
37916,0.0
37917,1.0
37918,0.0
37919,0.0
37920,0.0
37921,1.0
37922,0.0
37923,0.0
37924,0.0
37925,0.0
37926,0.0
37927,1.0
37928,0.0
37929,1.0
37930,0.0
37931,1.0
37932,0.0
37933,0.0
37934,0.0
37935,0.0
37936,0.0
37937,0.0
37938,0.0
37939,0.0
37940,0.0
37941,0.0
37942,0.0
37943,1.0
37944,0.0
37945,0.0
37946,0.0
37947,1.0
37948,0.0
37949,0.0
37950,1.0
37951,0.0
37952,1.0
37953,0.0
37954,0.0
37955,0.0
37956,1.0
37957,1.0
37958,0.0
37959,0.0
37960,0.0
37961,0.0
37962,0.0
37963,0.0
37964,0.0
37965,0.0
37966,1.0
37967,0.0
37968,0.0
37969,0.0
37970,0.0
37971,0.0
37972,0.0
37973,1.0
37974,0.0
37975,1.0
37976,0.0
37977,1.0
37978,1.0
37979,0.0
37980,1.0
37981,0.0
37982,1.0
37983,1.0
37984,0.0
37985,0.0
37986,0.0
37987,1.0
37988,0.0
37989,0.0
37990,1.0
37991,0.0
37992,1.0
37993,0.0
37994,0.0
37995,0.0
37996,1.0
37997,1.0
37998,1.0
37999,1.0
38000,0.0
38001,0.0
38002,0.0
38003,0.0
38004,0.0
38005,0.0
38006,0.0
38007,0.0
38008,0.0
38009,0.0
38010,0.0
38011,0.0
38012,0.0
38013,0.0
38014,0.0
38015,0.0
38016,1.0
38017,0.0
38018,1.0
38019,0.0
38020,0.0
38021,1.0
38022,0.0
38023,0.0
38024,0.0
38025,0.0
38026,1.0
38027,0.0
38028,0.0
38029,1.0
38030,1.0
38031,0.0
38032,0.0
38033,0.0
38034,0.0
38035,0.0
38036,0.0
38037,0.0
38038,0.0
38039,0.0
38040,1.0
38041,0.0
38042,0.0
38043,0.0
38044,0.0
38045,0.0
38046,0.0
38047,0.0
38048,1.0
38049,0.0
38050,0.0
38051,1.0
38052,1.0
38053,0.0
38054,0.0
38055,1.0
38056,0.0
38057,1.0
38058,1.0
38059,0.0
38060,0.0
38061,0.0
38062,0.0
38063,0.0
38064,0.0
38065,1.0
38066,0.0
38067,0.0
38068,0.0
38069,0.0
38070,1.0
38071,0.0
38072,0.0
38073,0.0
38074,0.0
38075,1.0
38076,0.0
38077,0.0
38078,0.0
38079,0.0
38080,1.0
38081,0.0
38082,0.0
38083,0.0
38084,0.0
38085,0.0
38086,0.0
38087,0.0
38088,1.0
38089,0.0
38090,1.0
38091,0.0
38092,0.0
38093,1.0
38094,0.0
38095,0.0
38096,1.0
38097,0.0
38098,0.0
38099,0.0
38100,0.0
38101,1.0
38102,0.0
38103,0.0
38104,0.0
38105,0.0
38106,0.0
38107,1.0
38108,1.0
38109,1.0
38110,0.0
38111,0.0
38112,0.0
38113,0.0
38114,0.0
38115,0.0
38116,1.0
38117,0.0
38118,0.0
38119,0.0
38120,1.0
38121,0.0
38122,1.0
38123,0.0
38124,0.0
38125,0.0
38126,0.0
38127,0.0
38128,0.0
38129,0.0
38130,0.0
38131,0.0
38132,1.0
38133,0.0
38134,0.0
38135,1.0
38136,0.0
38137,0.0
38138,0.0
38139,0.0
38140,0.0
38141,1.0
38142,0.0
38143,1.0
38144,0.0
38145,0.0
38146,1.0
38147,0.0
38148,0.0
38149,1.0
38150,0.0
38151,0.0
38152,0.0
38153,1.0
38154,1.0
38155,0.0
38156,0.0
38157,0.0
38158,0.0
38159,0.0
38160,0.0
38161,0.0
38162,0.0
38163,0.0
38164,0.0
38165,0.0
38166,0.0
38167,0.0
38168,1.0
38169,1.0
38170,0.0
38171,0.0
38172,0.0
38173,0.0
38174,0.0
38175,0.0
38176,0.0
38177,0.0
38178,0.0
38179,0.0
38180,0.0
38181,0.0
38182,1.0
38183,0.0
38184,0.0
38185,0.0
38186,0.0
38187,0.0
38188,0.0
38189,0.0
38190,0.0
38191,0.0
38192,0.0
38193,1.0
38194,0.0
38195,1.0
38196,1.0
38197,0.0
38198,0.0
38199,0.0
38200,0.0
38201,1.0
38202,0.0
38203,0.0
38204,0.0
38205,0.0
38206,1.0
38207,0.0
38208,0.0
38209,0.0
38210,0.0
38211,0.0
38212,0.0
38213,0.0
38214,0.0
38215,0.0
38216,0.0
38217,0.0
38218,0.0
38219,0.0
38220,0.0
38221,0.0
38222,0.0
38223,0.0
38224,0.0
38225,1.0
38226,0.0
38227,0.0
38228,0.0
38229,0.0
38230,1.0
38231,1.0
38232,1.0
38233,0.0
38234,0.0
38235,1.0
38236,1.0
38237,0.0
38238,0.0
38239,0.0
38240,0.0
38241,0.0
38242,0.0
38243,1.0
38244,0.0
38245,1.0
38246,0.0
38247,0.0
38248,0.0
38249,0.0
38250,0.0
38251,1.0
38252,1.0
38253,0.0
38254,1.0
38255,1.0
38256,0.0
38257,0.0
38258,0.0
38259,0.0
38260,0.0
38261,0.0
38262,0.0
38263,1.0
38264,0.0
38265,0.0
38266,0.0
38267,1.0
38268,0.0
38269,0.0
38270,0.0
38271,0.0
38272,1.0
38273,0.0
38274,1.0
38275,0.0
38276,0.0
38277,0.0
38278,1.0
38279,0.0
38280,1.0
38281,0.0
38282,0.0
38283,0.0
38284,1.0
38285,0.0
38286,0.0
38287,1.0
38288,0.0
38289,0.0
38290,0.0
38291,0.0
38292,0.0
38293,0.0
38294,1.0
38295,1.0
38296,0.0
38297,0.0
38298,1.0
38299,0.0
38300,0.0
38301,0.0
38302,1.0
38303,1.0
38304,0.0
38305,0.0
38306,0.0
38307,1.0
38308,0.0
38309,0.0
38310,0.0
38311,1.0
38312,1.0
38313,0.0
38314,1.0
38315,0.0
38316,0.0
38317,0.0
38318,0.0
38319,1.0
38320,0.0
38321,0.0
38322,0.0
38323,0.0
38324,0.0
38325,0.0
38326,0.0
38327,0.0
38328,0.0
38329,1.0
38330,0.0
38331,0.0
38332,0.0
38333,0.0
38334,1.0
38335,0.0
38336,0.0
38337,0.0
38338,0.0
38339,0.0
38340,0.0
38341,1.0
38342,0.0
38343,0.0
38344,0.0
38345,0.0
38346,0.0
38347,0.0
38348,1.0
38349,0.0
38350,0.0
38351,0.0
38352,0.0
38353,0.0
38354,0.0
38355,0.0
38356,0.0
38357,1.0
38358,0.0
38359,0.0
38360,0.0
38361,1.0
38362,0.0
38363,1.0
38364,0.0
38365,0.0
38366,0.0
38367,0.0
38368,0.0
38369,1.0
38370,1.0
38371,0.0
38372,0.0
38373,1.0
38374,1.0
38375,0.0
38376,0.0
38377,0.0
38378,0.0
38379,1.0
38380,1.0
38381,0.0
38382,0.0
38383,0.0
38384,0.0
38385,0.0
38386,0.0
38387,0.0
38388,1.0
38389,0.0
38390,0.0
38391,0.0
38392,1.0
38393,0.0
38394,0.0
38395,0.0
38396,1.0
38397,1.0
38398,1.0
38399,0.0
38400,0.0
38401,0.0
38402,0.0
38403,0.0
38404,1.0
38405,0.0
38406,0.0
38407,0.0
38408,0.0
38409,0.0
38410,0.0
38411,0.0
38412,1.0
38413,0.0
38414,0.0
38415,0.0
38416,0.0
38417,0.0
38418,0.0
38419,0.0
38420,1.0
38421,0.0
38422,1.0
38423,0.0
38424,1.0
38425,1.0
38426,0.0
38427,1.0
38428,0.0
38429,0.0
38430,0.0
38431,0.0
38432,0.0
38433,0.0
38434,1.0
38435,0.0
38436,0.0
38437,0.0
38438,0.0
38439,1.0
38440,0.0
38441,1.0
38442,0.0
38443,0.0
38444,0.0
38445,1.0
38446,0.0
38447,0.0
38448,1.0
38449,0.0
38450,0.0
38451,1.0
38452,1.0
38453,0.0
38454,0.0
38455,0.0
38456,1.0
38457,1.0
38458,0.0
38459,0.0
38460,0.0
38461,0.0
38462,1.0
38463,1.0
38464,0.0
38465,0.0
38466,0.0
38467,0.0
38468,0.0
38469,0.0
38470,0.0
38471,0.0
38472,0.0
38473,0.0
38474,0.0
38475,1.0
38476,0.0
38477,0.0
38478,1.0
38479,0.0
38480,0.0
38481,1.0
38482,0.0
38483,1.0
38484,1.0
38485,0.0
38486,1.0
38487,0.0
38488,0.0
38489,0.0
38490,0.0
38491,1.0
38492,0.0
38493,0.0
38494,0.0
38495,0.0
38496,1.0
38497,0.0
38498,0.0
38499,0.0
38500,1.0
38501,0.0
38502,0.0
38503,1.0
38504,1.0
38505,0.0
38506,0.0
38507,0.0
38508,0.0
38509,0.0
38510,0.0
38511,0.0
38512,0.0
38513,0.0
38514,0.0
38515,0.0
38516,0.0
38517,0.0
38518,0.0
38519,0.0
38520,0.0
38521,0.0
38522,0.0
38523,1.0
38524,1.0
38525,0.0
38526,0.0
38527,1.0
38528,0.0
38529,0.0
38530,0.0
38531,0.0
38532,0.0
38533,0.0
38534,0.0
38535,0.0
38536,0.0
38537,1.0
38538,0.0
38539,1.0
38540,1.0
38541,0.0
38542,0.0
38543,1.0
38544,0.0
38545,1.0
38546,0.0
38547,0.0
38548,0.0
38549,0.0
38550,1.0
38551,0.0
38552,0.0
38553,0.0
38554,0.0
38555,0.0
38556,0.0
38557,0.0
38558,0.0
38559,0.0
38560,0.0
38561,0.0
38562,0.0
38563,1.0
38564,0.0
38565,0.0
38566,1.0
38567,0.0
38568,0.0
38569,0.0
38570,0.0
38571,0.0
38572,0.0
38573,0.0
38574,0.0
38575,0.0
38576,1.0
38577,0.0
38578,1.0
38579,1.0
38580,1.0
38581,0.0
38582,0.0
38583,0.0
38584,0.0
38585,0.0
38586,0.0
38587,0.0
38588,0.0
38589,0.0
38590,0.0
38591,1.0
38592,0.0
38593,0.0
38594,0.0
38595,1.0
38596,0.0
38597,0.0
38598,0.0
38599,0.0
38600,1.0
38601,1.0
38602,0.0
38603,0.0
38604,0.0
38605,1.0
38606,1.0
38607,0.0
38608,0.0
38609,0.0
38610,0.0
38611,0.0
38612,0.0
38613,0.0
38614,0.0
38615,1.0
38616,0.0
38617,0.0
38618,0.0
38619,1.0
38620,0.0
38621,0.0
38622,0.0
38623,0.0
38624,0.0
38625,0.0
38626,1.0
38627,1.0
38628,1.0
38629,1.0
38630,0.0
38631,0.0
38632,0.0
38633,1.0
38634,0.0
38635,0.0
38636,1.0
38637,0.0
38638,0.0
38639,1.0
38640,0.0
38641,0.0
38642,0.0
38643,0.0
38644,0.0
38645,0.0
38646,1.0
38647,1.0
38648,0.0
38649,1.0
38650,0.0
38651,0.0
38652,0.0
38653,0.0
38654,1.0
38655,0.0
38656,0.0
38657,0.0
38658,0.0
38659,0.0
38660,0.0
38661,0.0
38662,0.0
38663,0.0
38664,1.0
38665,0.0
38666,1.0
38667,0.0
38668,0.0
38669,0.0
38670,0.0
38671,0.0
38672,0.0
38673,0.0
38674,0.0
38675,0.0
38676,0.0
38677,0.0
38678,0.0
38679,0.0
38680,0.0
38681,1.0
38682,0.0
38683,0.0
38684,0.0
38685,0.0
38686,0.0
38687,0.0
38688,0.0
38689,1.0
38690,1.0
38691,1.0
38692,0.0
38693,1.0
38694,0.0
38695,0.0
38696,1.0
38697,0.0
38698,0.0
38699,0.0
38700,0.0
38701,0.0
38702,0.0
38703,1.0
38704,1.0
38705,0.0
38706,0.0
38707,1.0
38708,0.0
38709,0.0
38710,0.0
38711,0.0
38712,0.0
38713,1.0
38714,0.0
38715,0.0
38716,1.0
38717,0.0
38718,0.0
38719,0.0
38720,1.0
38721,0.0
38722,1.0
38723,1.0
38724,0.0
38725,0.0
38726,1.0
38727,0.0
38728,0.0
38729,0.0
38730,1.0
38731,1.0
38732,0.0
38733,1.0
38734,0.0
38735,1.0
38736,0.0
38737,0.0
38738,0.0
38739,0.0
38740,0.0
38741,0.0
38742,0.0
38743,0.0
38744,0.0
38745,0.0
38746,0.0
38747,0.0
38748,0.0
38749,0.0
38750,0.0
38751,1.0
38752,0.0
38753,0.0
38754,0.0
38755,1.0
38756,0.0
38757,0.0
38758,0.0
38759,0.0
38760,0.0
38761,0.0
38762,0.0
38763,1.0
38764,0.0
38765,0.0
38766,0.0
38767,1.0
38768,1.0
38769,0.0
38770,0.0
38771,0.0
38772,1.0
38773,1.0
38774,0.0
38775,0.0
38776,0.0
38777,0.0
38778,0.0
38779,0.0
38780,0.0
38781,0.0
38782,0.0
38783,1.0
38784,1.0
38785,0.0
38786,0.0
38787,0.0
38788,0.0
38789,0.0
38790,0.0
38791,0.0
38792,0.0
38793,1.0
38794,0.0
38795,0.0
38796,0.0
38797,0.0
38798,1.0
38799,0.0
38800,0.0
38801,0.0
38802,0.0
38803,0.0
38804,0.0
38805,1.0
38806,0.0
38807,0.0
38808,0.0
38809,0.0
38810,0.0
38811,0.0
38812,0.0
38813,0.0
38814,0.0
38815,1.0
38816,0.0
38817,0.0
38818,0.0
38819,0.0
38820,0.0
38821,1.0
38822,1.0
38823,1.0
38824,0.0
38825,1.0
38826,0.0
38827,0.0
38828,0.0
38829,1.0
38830,1.0
38831,0.0
38832,0.0
38833,0.0
38834,1.0
38835,0.0
38836,0.0
38837,0.0
38838,0.0
38839,0.0
38840,0.0
38841,0.0
38842,0.0
38843,0.0
38844,0.0
38845,0.0
38846,0.0
38847,0.0
38848,0.0
38849,0.0
38850,0.0
38851,0.0
38852,0.0
38853,0.0
38854,0.0
38855,0.0
38856,0.0
38857,0.0
38858,0.0
38859,0.0
38860,0.0
38861,0.0
38862,0.0
38863,0.0
38864,0.0
38865,0.0
38866,0.0
38867,0.0
38868,0.0
38869,0.0
38870,0.0
38871,0.0
38872,1.0
38873,0.0
38874,0.0
38875,0.0
38876,0.0
38877,1.0
38878,0.0
38879,0.0
38880,0.0
38881,0.0
38882,0.0
38883,0.0
38884,0.0
38885,0.0
38886,0.0
38887,1.0
38888,0.0
38889,0.0
38890,0.0
38891,0.0
38892,0.0
38893,0.0
38894,0.0
38895,0.0
38896,0.0
38897,0.0
38898,0.0
38899,1.0
38900,1.0
38901,1.0
38902,0.0
38903,0.0
38904,0.0
38905,0.0
38906,0.0
38907,1.0
38908,1.0
38909,0.0
38910,0.0
38911,0.0
38912,0.0
38913,1.0
38914,0.0
38915,0.0
38916,1.0
38917,0.0
38918,0.0
38919,0.0
38920,1.0
38921,0.0
38922,0.0
38923,1.0
38924,0.0
38925,0.0
38926,0.0
38927,0.0
38928,0.0
38929,0.0
38930,0.0
38931,0.0
38932,1.0
38933,1.0
38934,0.0
38935,0.0
38936,0.0
38937,1.0
38938,0.0
38939,0.0
38940,0.0
38941,0.0
38942,0.0
38943,0.0
38944,0.0
38945,0.0
38946,0.0
38947,0.0
38948,0.0
38949,0.0
38950,1.0
38951,0.0
38952,1.0
38953,0.0
38954,0.0
38955,0.0
38956,0.0
38957,0.0
38958,0.0
38959,0.0
38960,0.0
38961,0.0
38962,0.0
38963,0.0
38964,1.0
38965,0.0
38966,1.0
38967,1.0
38968,0.0
38969,1.0
38970,0.0
38971,1.0
38972,0.0
38973,1.0
38974,1.0
38975,0.0
38976,0.0
38977,0.0
38978,0.0
38979,0.0
38980,1.0
38981,0.0
38982,1.0
38983,0.0
38984,0.0
38985,1.0
38986,0.0
38987,0.0
38988,0.0
38989,0.0
38990,0.0
38991,0.0
38992,1.0
38993,0.0
38994,0.0
38995,0.0
38996,0.0
38997,0.0
38998,1.0
38999,0.0
39000,0.0
39001,1.0
39002,0.0
39003,0.0
39004,0.0
39005,1.0
39006,0.0
39007,0.0
39008,0.0
39009,1.0
39010,1.0
39011,0.0
39012,0.0
39013,0.0
39014,0.0
39015,0.0
39016,1.0
39017,0.0
39018,1.0
39019,0.0
39020,0.0
39021,0.0
39022,0.0
39023,0.0
39024,0.0
39025,0.0
39026,0.0
39027,0.0
39028,0.0
39029,0.0
39030,0.0
39031,1.0
39032,0.0
39033,1.0
39034,1.0
39035,0.0
39036,0.0
39037,0.0
39038,0.0
39039,0.0
39040,0.0
39041,0.0
39042,0.0
39043,0.0
39044,0.0
39045,0.0
39046,0.0
39047,1.0
39048,0.0
39049,0.0
39050,0.0
39051,0.0
39052,1.0
39053,0.0
39054,0.0
39055,0.0
39056,0.0
39057,0.0
39058,0.0
39059,0.0
39060,0.0
39061,0.0
39062,0.0
39063,0.0
39064,0.0
39065,1.0
39066,0.0
39067,0.0
39068,0.0
39069,0.0
39070,0.0
39071,1.0
39072,0.0
39073,0.0
39074,0.0
39075,0.0
39076,0.0
39077,0.0
39078,0.0
39079,0.0
39080,0.0
39081,0.0
39082,1.0
39083,0.0
39084,0.0
39085,0.0
39086,0.0
39087,0.0
39088,0.0
39089,1.0
39090,1.0
39091,0.0
39092,0.0
39093,0.0
39094,0.0
39095,0.0
39096,0.0
39097,0.0
39098,0.0
39099,0.0
39100,0.0
39101,0.0
39102,0.0
39103,0.0
39104,0.0
39105,0.0
39106,1.0
39107,0.0
39108,0.0
39109,0.0
39110,0.0
39111,0.0
39112,0.0
39113,0.0
39114,0.0
39115,0.0
39116,0.0
39117,0.0
39118,0.0
39119,0.0
39120,0.0
39121,0.0
39122,0.0
39123,1.0
39124,0.0
39125,1.0
39126,0.0
39127,0.0
39128,0.0
39129,0.0
39130,0.0
39131,0.0
39132,0.0
39133,0.0
39134,0.0
39135,0.0
39136,1.0
39137,1.0
39138,0.0
39139,1.0
39140,0.0
39141,1.0
39142,0.0
39143,1.0
39144,0.0
39145,0.0
39146,0.0
39147,0.0
39148,0.0
39149,0.0
39150,0.0
39151,1.0
39152,0.0
39153,0.0
39154,0.0
39155,1.0
39156,0.0
39157,0.0
39158,0.0
39159,1.0
39160,0.0
39161,1.0
39162,0.0
39163,0.0
39164,0.0
39165,0.0
39166,0.0
39167,0.0
39168,0.0
39169,0.0
39170,0.0
39171,0.0
39172,0.0
39173,1.0
39174,0.0
39175,0.0
39176,0.0
39177,0.0
39178,0.0
39179,0.0
39180,1.0
39181,0.0
39182,1.0
39183,0.0
39184,0.0
39185,0.0
39186,1.0
39187,1.0
39188,0.0
39189,0.0
39190,0.0
39191,1.0
39192,1.0
39193,0.0
39194,0.0
39195,0.0
39196,0.0
39197,0.0
39198,1.0
39199,0.0
39200,0.0
39201,0.0
39202,0.0
39203,0.0
39204,0.0
39205,0.0
39206,0.0
39207,1.0
39208,0.0
39209,0.0
39210,1.0
39211,0.0
39212,0.0
39213,0.0
39214,0.0
39215,0.0
39216,0.0
39217,0.0
39218,0.0
39219,0.0
39220,0.0
39221,0.0
39222,0.0
39223,1.0
39224,0.0
39225,0.0
39226,0.0
39227,1.0
39228,0.0
39229,0.0
39230,1.0
39231,0.0
39232,1.0
39233,1.0
39234,0.0
39235,1.0
39236,0.0
39237,0.0
39238,0.0
39239,0.0
39240,1.0
39241,1.0
39242,1.0
39243,0.0
39244,0.0
39245,1.0
39246,0.0
39247,0.0
39248,0.0
39249,1.0
39250,0.0
39251,0.0
39252,0.0
39253,0.0
39254,0.0
39255,0.0
39256,0.0
39257,0.0
39258,1.0
39259,0.0
39260,0.0
39261,0.0
39262,0.0
39263,0.0
39264,0.0
39265,0.0
39266,1.0
39267,0.0
39268,0.0
39269,0.0
39270,0.0
39271,0.0
39272,0.0
39273,0.0
39274,0.0
39275,1.0
39276,0.0
39277,0.0
39278,0.0
39279,0.0
39280,0.0
39281,0.0
39282,0.0
39283,0.0
39284,0.0
39285,1.0
39286,1.0
39287,0.0
39288,1.0
39289,1.0
39290,1.0
39291,0.0
39292,0.0
39293,0.0
39294,0.0
39295,0.0
39296,0.0
39297,1.0
39298,0.0
39299,0.0
39300,0.0
39301,0.0
39302,0.0
39303,0.0
39304,0.0
39305,0.0
39306,0.0
39307,0.0
39308,0.0
39309,0.0
39310,0.0
39311,0.0
39312,0.0
39313,0.0
39314,0.0
39315,0.0
39316,0.0
39317,0.0
39318,1.0
39319,0.0
39320,0.0
39321,0.0
39322,1.0
39323,0.0
39324,0.0
39325,0.0
39326,0.0
39327,0.0
39328,0.0
39329,0.0
39330,0.0
39331,0.0
39332,0.0
39333,0.0
39334,0.0
39335,0.0
39336,0.0
39337,1.0
39338,0.0
39339,1.0
39340,0.0
39341,0.0
39342,1.0
39343,0.0
39344,0.0
39345,0.0
39346,0.0
39347,0.0
39348,1.0
39349,0.0
39350,0.0
39351,0.0
39352,0.0
39353,0.0
39354,0.0
39355,0.0
39356,0.0
39357,0.0
39358,1.0
39359,0.0
39360,0.0
39361,0.0
39362,0.0
39363,0.0
39364,0.0
39365,0.0
39366,0.0
39367,0.0
39368,0.0
39369,1.0
39370,0.0
39371,0.0
39372,0.0
39373,0.0
39374,0.0
39375,0.0
39376,0.0
39377,0.0
39378,0.0
39379,0.0
39380,1.0
39381,0.0
39382,0.0
39383,0.0
39384,0.0
39385,0.0
39386,0.0
39387,0.0
39388,0.0
39389,0.0
39390,1.0
39391,0.0
39392,0.0
39393,0.0
39394,0.0
39395,1.0
39396,0.0
39397,0.0
39398,0.0
39399,0.0
39400,0.0
39401,0.0
39402,0.0
39403,1.0
39404,0.0
39405,0.0
39406,0.0
39407,0.0
39408,0.0
39409,1.0
39410,0.0
39411,0.0
39412,0.0
39413,0.0
39414,0.0
39415,0.0
39416,0.0
39417,0.0
39418,1.0
39419,0.0
39420,0.0
39421,0.0
39422,0.0
39423,1.0
39424,0.0
39425,0.0
39426,0.0
39427,0.0
39428,0.0
39429,0.0
39430,0.0
39431,0.0
39432,1.0
39433,0.0
39434,0.0
39435,0.0
39436,1.0
39437,0.0
39438,1.0
39439,1.0
39440,0.0
39441,0.0
39442,1.0
39443,0.0
39444,0.0
39445,0.0
39446,1.0
39447,1.0
39448,1.0
39449,0.0
39450,0.0
39451,0.0
39452,1.0
39453,0.0
39454,0.0
39455,0.0
39456,0.0
39457,1.0
39458,0.0
39459,1.0
39460,0.0
39461,0.0
39462,0.0
39463,0.0
39464,0.0
39465,1.0
39466,0.0
39467,0.0
39468,1.0
39469,0.0
39470,1.0
39471,0.0
39472,0.0
39473,1.0
39474,0.0
39475,1.0
39476,0.0
39477,0.0
39478,0.0
39479,0.0
39480,0.0
39481,0.0
39482,0.0
39483,1.0
39484,0.0
39485,1.0
39486,0.0
39487,0.0
39488,1.0
39489,0.0
39490,1.0
39491,1.0
39492,0.0
39493,1.0
39494,1.0
39495,0.0
39496,0.0
39497,0.0
39498,0.0
39499,0.0
39500,0.0
39501,1.0
39502,0.0
39503,0.0
39504,0.0
39505,0.0
39506,1.0
39507,0.0
39508,0.0
39509,0.0
39510,0.0
39511,1.0
39512,0.0
39513,0.0
39514,0.0
39515,0.0
39516,0.0
39517,1.0
39518,0.0
39519,0.0
39520,0.0
39521,0.0
39522,1.0
39523,0.0
39524,0.0
39525,0.0
39526,0.0
39527,0.0
39528,0.0
39529,0.0
39530,1.0
39531,0.0
39532,0.0
39533,0.0
39534,1.0
39535,0.0
39536,0.0
39537,1.0
39538,0.0
39539,0.0
39540,0.0
39541,0.0
39542,0.0
39543,0.0
39544,0.0
39545,0.0
39546,1.0
39547,0.0
39548,0.0
39549,0.0
39550,0.0
39551,0.0
39552,0.0
39553,0.0
39554,0.0
39555,0.0
39556,0.0
39557,0.0
39558,1.0
39559,0.0
39560,0.0
39561,0.0
39562,0.0
39563,0.0
39564,1.0
39565,0.0
39566,0.0
39567,1.0
39568,0.0
39569,0.0
39570,0.0
39571,0.0
39572,0.0
39573,0.0
39574,0.0
39575,1.0
39576,0.0
39577,0.0
39578,0.0
39579,0.0
39580,0.0
39581,0.0
39582,0.0
39583,0.0
39584,0.0
39585,1.0
39586,0.0
39587,0.0
39588,0.0
39589,1.0
39590,0.0
39591,0.0
39592,0.0
39593,0.0
39594,1.0
39595,0.0
39596,0.0
39597,0.0
39598,1.0
39599,1.0
39600,1.0
39601,1.0
39602,0.0
39603,0.0
39604,1.0
39605,0.0
39606,0.0
39607,1.0
39608,1.0
39609,0.0
39610,0.0
39611,0.0
39612,1.0
39613,1.0
39614,0.0
39615,0.0
39616,1.0
39617,0.0
39618,0.0
39619,0.0
39620,0.0
39621,0.0
39622,0.0
39623,0.0
39624,0.0
39625,1.0
39626,0.0
39627,0.0
39628,0.0
39629,0.0
39630,0.0
39631,1.0
39632,0.0
39633,0.0
39634,0.0
39635,0.0
39636,0.0
39637,0.0
39638,0.0
39639,0.0
39640,0.0
39641,0.0
39642,0.0
39643,0.0
39644,0.0
39645,1.0
39646,1.0
39647,0.0
39648,0.0
39649,0.0
39650,0.0
39651,0.0
39652,0.0
39653,0.0
39654,1.0
39655,1.0
39656,1.0
39657,0.0
39658,0.0
39659,0.0
39660,0.0
39661,0.0
39662,0.0
39663,1.0
39664,0.0
39665,0.0
39666,0.0
39667,0.0
39668,0.0
39669,0.0
39670,0.0
39671,0.0
39672,1.0
39673,0.0
39674,1.0
39675,0.0
39676,0.0
39677,0.0
39678,1.0
39679,0.0
39680,0.0
39681,0.0
39682,0.0
39683,0.0
39684,0.0
39685,1.0
39686,1.0
39687,1.0
39688,0.0
39689,0.0
39690,0.0
39691,0.0
39692,0.0
39693,0.0
39694,0.0
39695,0.0
39696,0.0
39697,0.0
39698,0.0
39699,1.0
39700,0.0
39701,0.0
39702,1.0
39703,0.0
39704,0.0
39705,0.0
39706,0.0
39707,0.0
39708,0.0
39709,1.0
39710,0.0
39711,0.0
39712,0.0
39713,0.0
39714,0.0
39715,0.0
39716,1.0
39717,0.0
39718,0.0
39719,0.0
39720,0.0
39721,0.0
39722,0.0
39723,0.0
39724,1.0
39725,0.0
39726,0.0
39727,0.0
39728,0.0
39729,0.0
39730,0.0
39731,0.0
39732,0.0
39733,0.0
39734,0.0
39735,0.0
39736,1.0
39737,0.0
39738,1.0
39739,0.0
39740,1.0
39741,0.0
39742,0.0
39743,0.0
39744,0.0
39745,0.0
39746,1.0
39747,0.0
39748,0.0
39749,0.0
39750,1.0
39751,0.0
39752,0.0
39753,0.0
39754,1.0
39755,1.0
39756,0.0
39757,1.0
39758,0.0
39759,0.0
39760,0.0
39761,1.0
39762,1.0
39763,0.0
39764,1.0
39765,1.0
39766,0.0
39767,1.0
39768,0.0
39769,0.0
39770,0.0
39771,0.0
39772,1.0
39773,1.0
39774,0.0
39775,0.0
39776,1.0
39777,0.0
39778,0.0
39779,0.0
39780,0.0
39781,0.0
39782,0.0
39783,0.0
39784,1.0
39785,0.0
39786,0.0
39787,0.0
39788,1.0
39789,0.0
39790,0.0
39791,0.0
39792,0.0
39793,0.0
39794,0.0
39795,0.0
39796,1.0
39797,0.0
39798,0.0
39799,1.0
39800,1.0
39801,0.0
39802,0.0
39803,0.0
39804,1.0
39805,1.0
39806,0.0
39807,0.0
39808,0.0
39809,0.0
39810,1.0
39811,0.0
39812,0.0
39813,1.0
39814,0.0
39815,0.0
39816,0.0
39817,0.0
39818,0.0
39819,0.0
39820,0.0
39821,0.0
39822,1.0
39823,0.0
39824,0.0
39825,0.0
39826,1.0
39827,0.0
39828,0.0
39829,0.0
39830,0.0
39831,0.0
39832,0.0
39833,1.0
39834,1.0
39835,1.0
39836,0.0
39837,0.0
39838,0.0
39839,0.0
39840,0.0
39841,1.0
39842,0.0
39843,1.0
39844,0.0
39845,0.0
39846,1.0
39847,0.0
39848,0.0
39849,1.0
39850,1.0
39851,0.0
39852,1.0
39853,1.0
39854,0.0
39855,0.0
39856,0.0
39857,0.0
39858,0.0
39859,0.0
39860,1.0
39861,0.0
39862,0.0
39863,1.0
39864,0.0
39865,1.0
39866,0.0
39867,0.0
39868,0.0
39869,0.0
39870,0.0
39871,1.0
39872,0.0
39873,0.0
39874,0.0
39875,0.0
39876,1.0
39877,0.0
39878,1.0
39879,0.0
39880,0.0
39881,0.0
39882,0.0
39883,0.0
39884,0.0
39885,0.0
39886,0.0
39887,0.0
39888,0.0
39889,0.0
39890,1.0
39891,1.0
39892,0.0
39893,0.0
39894,0.0
39895,1.0
39896,1.0
39897,0.0
39898,0.0
39899,0.0
39900,0.0
39901,0.0
39902,0.0
39903,1.0
39904,0.0
39905,0.0
39906,0.0
39907,0.0
39908,1.0
39909,0.0
39910,0.0
39911,0.0
39912,0.0
39913,0.0
39914,0.0
39915,0.0
39916,0.0
39917,0.0
39918,1.0
39919,0.0
39920,0.0
39921,0.0
39922,0.0
39923,0.0
39924,0.0
39925,0.0
39926,0.0
39927,1.0
39928,0.0
39929,1.0
39930,1.0
39931,0.0
39932,0.0
39933,0.0
39934,1.0
39935,0.0
39936,0.0
39937,0.0
39938,1.0
39939,0.0
39940,1.0
39941,0.0
39942,0.0
39943,0.0
39944,0.0
39945,0.0
39946,0.0
39947,0.0
39948,0.0
39949,0.0
39950,1.0
39951,1.0
39952,0.0
39953,0.0
39954,0.0
39955,0.0
39956,1.0
39957,0.0
39958,0.0
39959,0.0
39960,0.0
39961,0.0
39962,0.0
39963,1.0
39964,1.0
39965,0.0
39966,1.0
39967,0.0
39968,0.0
39969,0.0
39970,0.0
39971,0.0
39972,0.0
39973,1.0
39974,1.0
39975,1.0
39976,0.0
39977,0.0
39978,1.0
39979,0.0
39980,1.0
39981,0.0
39982,1.0
39983,0.0
39984,0.0
39985,0.0
39986,0.0
39987,0.0
39988,0.0
39989,0.0
39990,0.0
39991,0.0
39992,0.0
39993,0.0
39994,1.0
39995,1.0
39996,0.0
39997,0.0
39998,0.0
39999,0.0
40000,0.0
40001,1.0
40002,0.0
40003,0.0
40004,1.0
40005,1.0
40006,0.0
40007,0.0
40008,0.0
40009,0.0
40010,0.0
40011,0.0
40012,0.0
40013,1.0
40014,0.0
40015,0.0
40016,0.0
40017,0.0
40018,0.0
40019,0.0
40020,0.0
40021,0.0
40022,0.0
40023,0.0
40024,1.0
40025,0.0
40026,0.0
40027,0.0
40028,0.0
40029,0.0
40030,1.0
40031,1.0
40032,0.0
40033,1.0
40034,0.0
40035,0.0
40036,0.0
40037,0.0
40038,1.0
40039,0.0
40040,0.0
40041,0.0
40042,1.0
40043,0.0
40044,0.0
40045,1.0
40046,0.0
40047,0.0
40048,1.0
40049,0.0
40050,0.0
40051,0.0
40052,1.0
40053,0.0
40054,1.0
40055,0.0
40056,0.0
40057,0.0
40058,0.0
40059,0.0
40060,0.0
40061,0.0
40062,0.0
40063,1.0
40064,1.0
40065,0.0
40066,0.0
40067,1.0
40068,0.0
40069,0.0
40070,0.0
40071,0.0
40072,0.0
40073,0.0
40074,0.0
40075,0.0
40076,0.0
40077,0.0
40078,0.0
40079,0.0
40080,0.0
40081,0.0
40082,0.0
40083,1.0
40084,0.0
40085,0.0
40086,0.0
40087,0.0
40088,0.0
40089,0.0
40090,0.0
40091,0.0
40092,0.0
40093,0.0
40094,0.0
40095,0.0
40096,0.0
40097,0.0
40098,0.0
40099,0.0
40100,0.0
40101,0.0
40102,1.0
40103,0.0
40104,0.0
40105,0.0
40106,1.0
40107,0.0
40108,1.0
40109,0.0
40110,0.0
40111,0.0
40112,0.0
40113,1.0
40114,1.0
40115,0.0
40116,0.0
40117,0.0
40118,0.0
40119,0.0
40120,0.0
40121,0.0
40122,1.0
40123,0.0
40124,0.0
40125,0.0
40126,0.0
40127,0.0
40128,0.0
40129,0.0
40130,0.0
40131,1.0
40132,0.0
40133,0.0
40134,0.0
40135,0.0
40136,0.0
40137,0.0
40138,1.0
40139,0.0
40140,0.0
40141,0.0
40142,0.0
40143,1.0
40144,1.0
40145,0.0
40146,0.0
40147,0.0
40148,0.0
40149,1.0
40150,1.0
40151,1.0
40152,0.0
40153,1.0
40154,0.0
40155,0.0
40156,0.0
40157,1.0
40158,0.0
40159,0.0
40160,0.0
40161,0.0
40162,1.0
40163,0.0
40164,0.0
40165,0.0
40166,0.0
40167,0.0
40168,1.0
40169,0.0
40170,0.0
40171,0.0
40172,1.0
40173,0.0
40174,0.0
40175,0.0
40176,1.0
40177,0.0
40178,1.0
40179,0.0
40180,0.0
40181,1.0
40182,1.0
40183,0.0
40184,1.0
40185,0.0
40186,1.0
40187,0.0
40188,0.0
40189,1.0
40190,0.0
40191,0.0
40192,0.0
40193,1.0
40194,0.0
40195,0.0
40196,1.0
40197,0.0
40198,0.0
40199,0.0
40200,1.0
40201,1.0
40202,0.0
40203,1.0
40204,1.0
40205,0.0
40206,0.0
40207,0.0
40208,0.0
40209,0.0
40210,0.0
40211,0.0
40212,0.0
40213,0.0
40214,0.0
40215,0.0
40216,1.0
40217,0.0
40218,1.0
40219,0.0
40220,0.0
40221,0.0
40222,1.0
40223,0.0
40224,0.0
40225,0.0
40226,0.0
40227,1.0
40228,0.0
40229,1.0
40230,0.0
40231,0.0
40232,1.0
40233,0.0
40234,0.0
40235,0.0
40236,0.0
40237,1.0
40238,1.0
40239,0.0
40240,1.0
40241,0.0
40242,1.0
40243,0.0
40244,0.0
40245,1.0
40246,0.0
40247,0.0
40248,0.0
40249,0.0
40250,0.0
40251,0.0
40252,1.0
40253,1.0
40254,0.0
40255,0.0
40256,0.0
40257,1.0
40258,1.0
40259,1.0
40260,0.0
40261,0.0
40262,0.0
40263,1.0
40264,0.0
40265,0.0
40266,0.0
40267,1.0
40268,0.0
40269,0.0
40270,1.0
40271,1.0
40272,0.0
40273,0.0
40274,0.0
40275,0.0
40276,1.0
40277,0.0
40278,0.0
40279,1.0
40280,0.0
40281,1.0
40282,1.0
40283,1.0
40284,0.0
40285,0.0
40286,0.0
40287,1.0
40288,1.0
40289,0.0
40290,0.0
40291,0.0
40292,1.0
40293,0.0
40294,1.0
40295,1.0
40296,1.0
40297,0.0
40298,0.0
40299,0.0
40300,0.0
40301,0.0
40302,0.0
40303,0.0
40304,0.0
40305,0.0
40306,1.0
40307,0.0
40308,0.0
40309,0.0
40310,0.0
40311,1.0
40312,0.0
40313,0.0
40314,0.0
40315,0.0
40316,0.0
40317,0.0
40318,1.0
40319,1.0
40320,1.0
40321,0.0
40322,0.0
40323,0.0
40324,0.0
40325,0.0
40326,0.0
40327,0.0
40328,0.0
40329,0.0
40330,0.0
40331,0.0
40332,0.0
40333,0.0
40334,0.0
40335,0.0
40336,0.0
40337,0.0
40338,1.0
40339,0.0
40340,0.0
40341,1.0
40342,1.0
40343,1.0
40344,0.0
40345,0.0
40346,0.0
40347,1.0
40348,0.0
40349,1.0
40350,0.0
40351,0.0
40352,0.0
40353,0.0
40354,1.0
40355,0.0
40356,1.0
40357,0.0
40358,1.0
40359,0.0
40360,1.0
40361,0.0
40362,0.0
40363,1.0
40364,0.0
40365,1.0
40366,0.0
40367,0.0
40368,0.0
40369,0.0
40370,0.0
40371,0.0
40372,0.0
40373,0.0
40374,0.0
40375,0.0
40376,0.0
40377,1.0
40378,1.0
40379,0.0
40380,0.0
40381,0.0
40382,1.0
40383,0.0
40384,0.0
40385,1.0
40386,0.0
40387,0.0
40388,0.0
40389,0.0
40390,1.0
40391,0.0
40392,0.0
40393,0.0
40394,0.0
40395,0.0
40396,0.0
40397,0.0
40398,0.0
40399,0.0
40400,1.0
40401,0.0
40402,0.0
40403,0.0
40404,0.0
40405,0.0
40406,0.0
40407,0.0
40408,0.0
40409,0.0
40410,1.0
40411,0.0
40412,0.0
40413,0.0
40414,0.0
40415,0.0
40416,0.0
40417,0.0
40418,0.0
40419,0.0
40420,1.0
40421,1.0
40422,0.0
40423,0.0
40424,0.0
40425,0.0
40426,0.0
40427,0.0
40428,0.0
40429,0.0
40430,0.0
40431,0.0
40432,0.0
40433,1.0
40434,0.0
40435,0.0
40436,0.0
40437,1.0
40438,0.0
40439,0.0
40440,0.0
40441,1.0
40442,1.0
40443,0.0
40444,0.0
40445,0.0
40446,0.0
40447,0.0
40448,0.0
40449,0.0
40450,1.0
40451,0.0
40452,1.0
40453,0.0
40454,0.0
40455,0.0
40456,1.0
40457,1.0
40458,0.0
40459,0.0
40460,0.0
40461,0.0
40462,0.0
40463,0.0
40464,1.0
40465,0.0
40466,0.0
40467,1.0
40468,1.0
40469,1.0
40470,0.0
40471,0.0
40472,0.0
40473,0.0
40474,0.0
40475,0.0
40476,0.0
40477,0.0
40478,0.0
40479,0.0
40480,0.0
40481,0.0
40482,1.0
40483,0.0
40484,0.0
40485,0.0
40486,0.0
40487,1.0
40488,0.0
40489,0.0
40490,0.0
40491,0.0
40492,0.0
40493,0.0
40494,0.0
40495,0.0
40496,1.0
40497,0.0
40498,0.0
40499,0.0
40500,0.0
40501,0.0
40502,1.0
40503,0.0
40504,0.0
40505,0.0
40506,1.0
40507,0.0
40508,0.0
40509,1.0
40510,1.0
40511,0.0
40512,0.0
40513,0.0
40514,0.0
40515,1.0
40516,0.0
40517,1.0
40518,1.0
40519,0.0
40520,0.0
40521,0.0
40522,0.0
40523,0.0
40524,1.0
40525,0.0
40526,0.0
40527,0.0
40528,0.0
40529,0.0
40530,0.0
40531,1.0
40532,0.0
40533,1.0
40534,0.0
40535,0.0
40536,0.0
40537,0.0
40538,0.0
40539,0.0
40540,0.0
40541,0.0
40542,1.0
40543,0.0
40544,0.0
40545,0.0
40546,1.0
40547,1.0
40548,1.0
40549,0.0
40550,0.0
40551,0.0
40552,0.0
40553,1.0
40554,0.0
40555,0.0
40556,0.0
40557,1.0
40558,0.0
40559,0.0
40560,0.0
40561,0.0
40562,0.0
40563,1.0
40564,0.0
40565,0.0
40566,0.0
40567,0.0
40568,0.0
40569,1.0
40570,0.0
40571,0.0
40572,0.0
40573,0.0
40574,0.0
40575,0.0
40576,1.0
40577,0.0
40578,0.0
40579,0.0
40580,1.0
40581,0.0
40582,0.0
40583,0.0
40584,0.0
40585,0.0
40586,0.0
40587,0.0
40588,0.0
40589,0.0
40590,0.0
40591,0.0
40592,1.0
40593,1.0
40594,0.0
40595,0.0
40596,0.0
40597,1.0
40598,0.0
40599,1.0
40600,0.0
40601,0.0
40602,0.0
40603,0.0
40604,1.0
40605,0.0
40606,0.0
40607,1.0
40608,0.0
40609,0.0
40610,0.0
40611,0.0
40612,0.0
40613,1.0
40614,0.0
40615,0.0
40616,0.0
40617,0.0
40618,1.0
40619,0.0
40620,1.0
40621,0.0
40622,1.0
40623,0.0
40624,0.0
40625,0.0
40626,0.0
40627,1.0
40628,0.0
40629,0.0
40630,1.0
40631,0.0
40632,0.0
40633,1.0
40634,0.0
40635,0.0
40636,0.0
40637,0.0
40638,0.0
40639,0.0
40640,0.0
40641,0.0
40642,0.0
40643,1.0
40644,0.0
40645,0.0
40646,0.0
40647,1.0
40648,0.0
40649,0.0
40650,0.0
40651,0.0
40652,0.0
40653,0.0
40654,0.0
40655,0.0
40656,0.0
40657,0.0
40658,1.0
40659,0.0
40660,0.0
40661,1.0
40662,1.0
40663,0.0
40664,0.0
40665,0.0
40666,0.0
40667,1.0
40668,0.0
40669,1.0
40670,0.0
40671,0.0
40672,0.0
40673,1.0
40674,0.0
40675,1.0
40676,0.0
40677,0.0
40678,0.0
40679,1.0
40680,0.0
40681,0.0
40682,0.0
40683,0.0
40684,0.0
40685,0.0
40686,0.0
40687,0.0
40688,1.0
40689,0.0
40690,1.0
40691,1.0
40692,0.0
40693,0.0
40694,0.0
40695,1.0
40696,1.0
40697,0.0
40698,0.0
40699,0.0
40700,0.0
40701,0.0
40702,0.0
40703,0.0
40704,0.0
40705,0.0
40706,1.0
40707,0.0
40708,0.0
40709,0.0
40710,0.0
40711,0.0
40712,0.0
40713,0.0
40714,0.0
40715,0.0
40716,0.0
40717,0.0
40718,0.0
40719,0.0
40720,0.0
40721,0.0
40722,0.0
40723,0.0
40724,1.0
40725,0.0
40726,0.0
40727,0.0
40728,0.0
40729,0.0
40730,1.0
40731,0.0
40732,0.0
40733,1.0
40734,0.0
40735,0.0
40736,0.0
40737,0.0
40738,0.0
40739,0.0
40740,1.0
40741,0.0
40742,0.0
40743,0.0
40744,0.0
40745,1.0
40746,0.0
40747,1.0
40748,1.0
40749,0.0
40750,1.0
40751,0.0
40752,0.0
40753,0.0
40754,1.0
40755,0.0
40756,0.0
40757,0.0
40758,0.0
40759,1.0
40760,0.0
40761,0.0
40762,0.0
40763,0.0
40764,0.0
40765,0.0
40766,0.0
40767,0.0
40768,0.0
40769,0.0
40770,0.0
40771,0.0
40772,0.0
40773,0.0
40774,1.0
40775,0.0
40776,0.0
40777,1.0
40778,0.0
40779,0.0
40780,0.0
40781,1.0
40782,0.0
40783,0.0
40784,0.0
40785,0.0
40786,0.0
40787,0.0
40788,0.0
40789,0.0
40790,0.0
40791,0.0
40792,1.0
40793,0.0
40794,1.0
40795,0.0
40796,0.0
40797,1.0
40798,0.0
40799,0.0
40800,0.0
40801,0.0
40802,0.0
40803,0.0
40804,0.0
40805,0.0
40806,0.0
40807,1.0
40808,0.0
40809,1.0
40810,0.0
40811,0.0
40812,0.0
40813,0.0
40814,1.0
40815,0.0
40816,0.0
40817,0.0
40818,0.0
40819,0.0
40820,1.0
40821,0.0
40822,1.0
40823,0.0
40824,0.0
40825,0.0
40826,0.0
40827,0.0
40828,0.0
40829,0.0
40830,0.0
40831,0.0
40832,1.0
40833,0.0
40834,0.0
40835,0.0
40836,0.0
40837,0.0
40838,1.0
40839,1.0
40840,0.0
40841,0.0
40842,0.0
40843,0.0
40844,0.0
40845,0.0
40846,0.0
40847,0.0
40848,0.0
40849,0.0
40850,1.0
40851,1.0
40852,0.0
40853,0.0
40854,1.0
40855,0.0
40856,0.0
40857,1.0
40858,0.0
40859,0.0
40860,1.0
40861,1.0
40862,0.0
40863,0.0
40864,0.0
40865,0.0
40866,0.0
40867,1.0
40868,0.0
40869,0.0
40870,0.0
40871,1.0
40872,0.0
40873,0.0
40874,0.0
40875,0.0
40876,0.0
40877,0.0
40878,0.0
40879,1.0
40880,1.0
40881,1.0
40882,0.0
40883,1.0
40884,0.0
40885,0.0
40886,0.0
40887,0.0
40888,0.0
40889,0.0
40890,0.0
40891,0.0
40892,0.0
40893,0.0
40894,1.0
40895,0.0
40896,0.0
40897,1.0
40898,0.0
40899,0.0
40900,0.0
40901,1.0
40902,0.0
40903,0.0
40904,1.0
40905,0.0
40906,0.0
40907,0.0
40908,0.0
40909,1.0
40910,0.0
40911,0.0
40912,1.0
40913,0.0
40914,0.0
40915,0.0
40916,0.0
40917,0.0
40918,1.0
40919,0.0
40920,0.0
40921,0.0
40922,0.0
40923,0.0
40924,0.0
40925,0.0
40926,0.0
40927,0.0
40928,0.0
40929,1.0
40930,0.0
40931,0.0
40932,0.0
40933,0.0
40934,0.0
40935,0.0
40936,0.0
40937,1.0
40938,0.0
40939,0.0
40940,0.0
40941,0.0
40942,0.0
40943,0.0
40944,0.0
40945,0.0
40946,0.0
40947,0.0
40948,1.0
40949,0.0
40950,0.0
40951,0.0
40952,1.0
40953,0.0
40954,1.0
40955,0.0
40956,0.0
40957,0.0
40958,0.0
40959,0.0
40960,0.0
40961,0.0
40962,0.0
40963,1.0
40964,0.0
40965,0.0
40966,0.0
40967,0.0
40968,1.0
40969,0.0
40970,0.0
40971,0.0
40972,0.0
40973,0.0
40974,0.0
40975,0.0
40976,0.0
40977,0.0
40978,0.0
40979,0.0
40980,0.0
40981,1.0
40982,1.0
40983,0.0
40984,0.0
40985,0.0
40986,1.0
40987,1.0
40988,0.0
40989,0.0
40990,0.0
40991,0.0
40992,0.0
40993,0.0
40994,1.0
40995,0.0
40996,0.0
40997,1.0
40998,0.0
40999,0.0
41000,1.0
41001,0.0
41002,0.0
41003,0.0
41004,0.0
41005,0.0
41006,1.0
41007,0.0
41008,0.0
41009,0.0
41010,1.0
41011,1.0
41012,0.0
41013,1.0
41014,0.0
41015,0.0
41016,1.0
41017,0.0
41018,0.0
41019,0.0
41020,1.0
41021,0.0
41022,0.0
41023,0.0
41024,0.0
41025,1.0
41026,0.0
41027,0.0
41028,0.0
41029,0.0
41030,0.0
41031,1.0
41032,0.0
41033,1.0
41034,0.0
41035,0.0
41036,0.0
41037,0.0
41038,0.0
41039,0.0
41040,1.0
41041,0.0
41042,0.0
41043,0.0
41044,0.0
41045,0.0
41046,0.0
41047,0.0
41048,0.0
41049,0.0
41050,0.0
41051,0.0
41052,1.0
41053,1.0
41054,0.0
41055,0.0
41056,0.0
41057,0.0
41058,0.0
41059,0.0
41060,0.0
41061,1.0
41062,0.0
41063,0.0
41064,0.0
41065,1.0
41066,0.0
41067,0.0
41068,0.0
41069,0.0
41070,0.0
41071,0.0
41072,1.0
41073,1.0
41074,1.0
41075,0.0
41076,0.0
41077,0.0
41078,0.0
41079,0.0
41080,0.0
41081,1.0
41082,0.0
41083,0.0
41084,0.0
41085,0.0
41086,0.0
41087,0.0
41088,0.0
41089,0.0
41090,1.0
41091,0.0
41092,0.0
41093,0.0
41094,0.0
41095,0.0
41096,0.0
41097,0.0
41098,0.0
41099,0.0
41100,1.0
41101,0.0
41102,0.0
41103,0.0
41104,0.0
41105,0.0
41106,1.0
41107,0.0
41108,0.0
41109,0.0
41110,0.0
41111,0.0
41112,0.0
41113,0.0
41114,0.0
41115,1.0
41116,0.0
41117,0.0
41118,0.0
41119,0.0
41120,0.0
41121,0.0
41122,1.0
41123,0.0
41124,0.0
41125,0.0
41126,0.0
41127,0.0
41128,1.0
41129,0.0
41130,0.0
41131,0.0
41132,0.0
41133,0.0
41134,0.0
41135,0.0
41136,0.0
41137,0.0
41138,0.0
41139,0.0
41140,0.0
41141,0.0
41142,0.0
41143,0.0
41144,0.0
41145,0.0
41146,1.0
41147,0.0
41148,0.0
41149,0.0
41150,0.0
41151,1.0
41152,0.0
41153,1.0
41154,0.0
41155,0.0
41156,0.0
41157,1.0
41158,1.0
41159,0.0
41160,0.0
41161,1.0
41162,0.0
41163,0.0
41164,1.0
41165,0.0
41166,1.0
41167,0.0
41168,0.0
41169,1.0
41170,0.0
41171,0.0
41172,0.0
41173,0.0
41174,0.0
41175,0.0
41176,0.0
41177,0.0
41178,0.0
41179,0.0
41180,1.0
41181,0.0
41182,1.0
41183,1.0
41184,0.0
41185,0.0
41186,0.0
41187,0.0
41188,0.0
41189,0.0
41190,0.0
41191,0.0
41192,1.0
41193,0.0
41194,0.0
41195,1.0
41196,0.0
41197,0.0
41198,0.0
41199,1.0
41200,0.0
41201,0.0
41202,0.0
41203,0.0
41204,0.0
41205,0.0
41206,0.0
41207,0.0
41208,0.0
41209,0.0
41210,0.0
41211,1.0
41212,0.0
41213,0.0
41214,0.0
41215,1.0
41216,0.0
41217,0.0
41218,1.0
41219,0.0
41220,0.0
41221,1.0
41222,0.0
41223,0.0
41224,1.0
41225,0.0
41226,0.0
41227,1.0
41228,0.0
41229,0.0
41230,0.0
41231,1.0
41232,0.0
41233,1.0
41234,1.0
41235,0.0
41236,1.0
41237,0.0
41238,0.0
41239,0.0
41240,1.0
41241,0.0
41242,0.0
41243,0.0
41244,0.0
41245,0.0
41246,0.0
41247,0.0
41248,0.0
41249,0.0
41250,0.0
41251,0.0
41252,1.0
41253,1.0
41254,0.0
41255,0.0
41256,0.0
41257,0.0
41258,1.0
41259,0.0
41260,1.0
41261,1.0
41262,0.0
41263,1.0
41264,0.0
41265,0.0
41266,1.0
41267,0.0
41268,0.0
41269,0.0
41270,0.0
41271,1.0
41272,0.0
41273,0.0
41274,0.0
41275,0.0
41276,1.0
41277,0.0
41278,0.0
41279,0.0
41280,0.0
41281,0.0
41282,0.0
41283,0.0
41284,1.0
41285,0.0
41286,0.0
41287,0.0
41288,1.0
41289,0.0
41290,0.0
41291,0.0
41292,1.0
41293,0.0
41294,0.0
41295,0.0
41296,0.0
41297,0.0
41298,1.0
41299,0.0
41300,0.0
41301,0.0
41302,0.0
41303,0.0
41304,1.0
41305,0.0
41306,1.0
41307,0.0
41308,0.0
41309,1.0
41310,0.0
41311,0.0
41312,0.0
41313,0.0
41314,0.0
41315,0.0
41316,0.0
41317,0.0
41318,0.0
41319,1.0
41320,1.0
41321,0.0
41322,0.0
41323,0.0
41324,1.0
41325,0.0
41326,0.0
41327,1.0
41328,0.0
41329,0.0
41330,0.0
41331,0.0
41332,0.0
41333,1.0
41334,0.0
41335,0.0
41336,1.0
41337,1.0
41338,1.0
41339,0.0
41340,1.0
41341,0.0
41342,0.0
41343,1.0
41344,1.0
41345,0.0
41346,0.0
41347,0.0
41348,1.0
41349,0.0
41350,1.0
41351,0.0
41352,0.0
41353,1.0
41354,0.0
41355,0.0
41356,0.0
41357,1.0
41358,0.0
41359,0.0
41360,0.0
41361,0.0
41362,0.0
41363,0.0
41364,0.0
41365,0.0
41366,0.0
41367,0.0
41368,0.0
41369,0.0
41370,1.0
41371,0.0
41372,0.0
41373,1.0
41374,0.0
41375,0.0
41376,0.0
41377,0.0
41378,0.0
41379,1.0
41380,0.0
41381,0.0
41382,0.0
41383,0.0
41384,0.0
41385,0.0
41386,1.0
41387,0.0
41388,0.0
41389,0.0
41390,0.0
41391,0.0
41392,0.0
41393,0.0
41394,0.0
41395,0.0
41396,0.0
41397,0.0
41398,1.0
41399,0.0
41400,0.0
41401,1.0
41402,0.0
41403,0.0
41404,0.0
41405,0.0
41406,0.0
41407,1.0
41408,0.0
41409,1.0
41410,1.0
41411,0.0
41412,0.0
41413,0.0
41414,1.0
41415,0.0
41416,0.0
41417,0.0
41418,0.0
41419,0.0
41420,0.0
41421,0.0
41422,1.0
41423,1.0
41424,0.0
41425,0.0
41426,0.0
41427,0.0
41428,0.0
41429,0.0
41430,0.0
41431,0.0
41432,0.0
41433,0.0
41434,0.0
41435,0.0
41436,0.0
41437,0.0
41438,0.0
41439,0.0
41440,1.0
41441,0.0
41442,0.0
41443,0.0
41444,0.0
41445,0.0
41446,1.0
41447,0.0
41448,0.0
41449,0.0
41450,1.0
41451,0.0
41452,0.0
41453,0.0
41454,0.0
41455,0.0
41456,0.0
41457,0.0
41458,0.0
41459,1.0
41460,0.0
41461,1.0
41462,0.0
41463,0.0
41464,0.0
41465,0.0
41466,1.0
41467,1.0
41468,0.0
41469,0.0
41470,0.0
41471,0.0
41472,0.0
41473,0.0
41474,0.0
41475,0.0
41476,0.0
41477,0.0
41478,0.0
41479,1.0
41480,0.0
41481,0.0
41482,0.0
41483,0.0
41484,0.0
41485,0.0
41486,0.0
41487,1.0
41488,0.0
41489,0.0
41490,0.0
41491,1.0
41492,1.0
41493,1.0
41494,0.0
41495,0.0
41496,0.0
41497,0.0
41498,0.0
41499,0.0
41500,0.0
41501,0.0
41502,0.0
41503,1.0
41504,1.0
41505,0.0
41506,1.0
41507,0.0
41508,0.0
41509,0.0
41510,0.0
41511,0.0
41512,0.0
41513,0.0
41514,1.0
41515,0.0
41516,1.0
41517,0.0
41518,0.0
41519,0.0
41520,1.0
41521,1.0
41522,0.0
41523,0.0
41524,1.0
41525,0.0
41526,0.0
41527,0.0
41528,0.0
41529,0.0
41530,0.0
41531,0.0
41532,0.0
41533,1.0
41534,0.0
41535,0.0
41536,0.0
41537,1.0
41538,0.0
41539,0.0
41540,0.0
41541,0.0
41542,1.0
41543,0.0
41544,1.0
41545,1.0
41546,1.0
41547,1.0
41548,0.0
41549,0.0
41550,0.0
41551,0.0
41552,0.0
41553,0.0
41554,0.0
41555,0.0
41556,1.0
41557,0.0
41558,1.0
41559,0.0
41560,0.0
41561,1.0
41562,0.0
41563,1.0
41564,0.0
41565,0.0
41566,0.0
41567,1.0
41568,0.0
41569,0.0
41570,0.0
41571,0.0
41572,0.0
41573,0.0
41574,0.0
41575,0.0
41576,0.0
41577,0.0
41578,1.0
41579,0.0
41580,0.0
41581,0.0
41582,1.0
41583,0.0
41584,0.0
41585,0.0
41586,0.0
41587,0.0
41588,1.0
41589,0.0
41590,0.0
41591,1.0
41592,0.0
41593,0.0
41594,0.0
41595,0.0
41596,0.0
41597,0.0
41598,0.0
41599,1.0
41600,0.0
41601,0.0
41602,0.0
41603,0.0
41604,0.0
41605,0.0
41606,0.0
41607,0.0
41608,0.0
41609,1.0
41610,0.0
41611,0.0
41612,0.0
41613,1.0
41614,0.0
41615,0.0
41616,0.0
41617,0.0
41618,1.0
41619,0.0
41620,0.0
41621,1.0
41622,0.0
41623,0.0
41624,0.0
41625,0.0
41626,0.0
41627,0.0
41628,0.0
41629,0.0
41630,0.0
41631,0.0
41632,0.0
41633,1.0
41634,0.0
41635,0.0
41636,0.0
41637,0.0
41638,0.0
41639,0.0
41640,0.0
41641,0.0
41642,1.0
41643,0.0
41644,0.0
41645,0.0
41646,0.0
41647,1.0
41648,1.0
41649,0.0
41650,0.0
41651,1.0
41652,1.0
41653,0.0
41654,0.0
41655,0.0
41656,1.0
41657,0.0
41658,0.0
41659,0.0
41660,0.0
41661,0.0
41662,0.0
41663,0.0
41664,0.0
41665,0.0
41666,0.0
41667,0.0
41668,0.0
41669,0.0
41670,0.0
41671,0.0
41672,1.0
41673,0.0
41674,0.0
41675,0.0
41676,1.0
41677,0.0
41678,0.0
41679,1.0
41680,0.0
41681,0.0
41682,0.0
41683,0.0
41684,0.0
41685,0.0
41686,1.0
41687,1.0
41688,1.0
41689,0.0
41690,0.0
41691,0.0
41692,0.0
41693,0.0
41694,0.0
41695,0.0
41696,0.0
41697,0.0
41698,0.0
41699,1.0
41700,0.0
41701,0.0
41702,0.0
41703,0.0
41704,0.0
41705,0.0
41706,0.0
41707,0.0
41708,0.0
41709,0.0
41710,0.0
41711,0.0
41712,0.0
41713,0.0
41714,1.0
41715,1.0
41716,0.0
41717,0.0
41718,0.0
41719,0.0
41720,0.0
41721,1.0
41722,0.0
41723,0.0
41724,0.0
41725,0.0
41726,0.0
41727,0.0
41728,0.0
41729,0.0
41730,0.0
41731,0.0
41732,1.0
41733,0.0
41734,0.0
41735,0.0
41736,0.0
41737,0.0
41738,0.0
41739,1.0
41740,1.0
41741,1.0
41742,0.0
41743,1.0
41744,1.0
41745,0.0
41746,0.0
41747,0.0
41748,0.0
41749,0.0
41750,0.0
41751,0.0
41752,0.0
41753,1.0
41754,1.0
41755,0.0
41756,0.0
41757,0.0
41758,1.0
41759,0.0
41760,0.0
41761,0.0
41762,0.0
41763,0.0
41764,0.0
41765,0.0
41766,1.0
41767,1.0
41768,0.0
41769,1.0
41770,0.0
41771,0.0
41772,0.0
41773,0.0
41774,0.0
41775,0.0
41776,0.0
41777,0.0
41778,0.0
41779,0.0
41780,0.0
41781,0.0
41782,0.0
41783,0.0
41784,0.0
41785,0.0
41786,0.0
41787,1.0
41788,0.0
41789,0.0
41790,0.0
41791,0.0
41792,0.0
41793,0.0
41794,0.0
41795,1.0
41796,0.0
41797,1.0
41798,0.0
41799,0.0
41800,0.0
41801,0.0
41802,0.0
41803,0.0
41804,0.0
41805,1.0
41806,1.0
41807,0.0
41808,0.0
41809,0.0
41810,0.0
41811,0.0
41812,0.0
41813,0.0
41814,1.0
41815,0.0
41816,0.0
41817,1.0
41818,0.0
41819,0.0
41820,0.0
41821,0.0
41822,0.0
41823,0.0
41824,1.0
41825,0.0
41826,0.0
41827,0.0
41828,0.0
41829,0.0
41830,1.0
41831,0.0
41832,1.0
41833,0.0
41834,1.0
41835,0.0
41836,0.0
41837,1.0
41838,0.0
41839,1.0
41840,0.0
41841,0.0
41842,1.0
41843,0.0
41844,0.0
41845,1.0
41846,0.0
41847,0.0
41848,0.0
41849,0.0
41850,0.0
41851,0.0
41852,0.0
41853,0.0
41854,0.0
41855,1.0
41856,0.0
41857,1.0
41858,0.0
41859,0.0
41860,0.0
41861,0.0
41862,0.0
41863,0.0
41864,0.0
41865,1.0
41866,0.0
41867,0.0
41868,0.0
41869,0.0
41870,0.0
41871,0.0
41872,0.0
41873,0.0
41874,1.0
41875,0.0
41876,0.0
41877,0.0
41878,1.0
41879,0.0
41880,0.0
41881,0.0
41882,0.0
41883,0.0
41884,1.0
41885,0.0
41886,0.0
41887,1.0
41888,0.0
41889,0.0
41890,1.0
41891,1.0
41892,0.0
41893,0.0
41894,0.0
41895,0.0
41896,0.0
41897,1.0
41898,0.0
41899,0.0
41900,0.0
41901,0.0
41902,0.0
41903,0.0
41904,1.0
41905,1.0
41906,0.0
41907,1.0
41908,0.0
41909,1.0
41910,1.0
41911,0.0
41912,0.0
41913,0.0
41914,0.0
41915,0.0
41916,0.0
41917,0.0
41918,1.0
41919,0.0
41920,0.0
41921,0.0
41922,0.0
41923,1.0
41924,1.0
41925,0.0
41926,0.0
41927,0.0
41928,1.0
41929,0.0
41930,0.0
41931,0.0
41932,0.0
41933,1.0
41934,0.0
41935,0.0
41936,0.0
41937,0.0
41938,0.0
41939,0.0
41940,0.0
41941,0.0
41942,0.0
41943,0.0
41944,0.0
41945,0.0
41946,1.0
41947,0.0
41948,1.0
41949,0.0
41950,0.0
41951,0.0
41952,0.0
41953,0.0
41954,1.0
41955,1.0
41956,0.0
41957,0.0
41958,0.0
41959,0.0
41960,0.0
41961,1.0
41962,1.0
41963,0.0
41964,0.0
41965,0.0
41966,0.0
41967,1.0
41968,1.0
41969,0.0
41970,0.0
41971,0.0
41972,0.0
41973,0.0
41974,0.0
41975,0.0
41976,0.0
41977,0.0
41978,0.0
41979,0.0
41980,0.0
41981,0.0
41982,0.0
41983,0.0
41984,0.0
41985,0.0
41986,1.0
41987,0.0
41988,0.0
41989,0.0
41990,1.0
41991,0.0
41992,0.0
41993,0.0
41994,0.0
41995,0.0
41996,0.0
41997,0.0
41998,1.0
41999,1.0
